Entity,Code,Date,daily_vaccinations
Alabama,,2021-01-13,5906
Alabama,,2021-01-14,7083
Alabama,,2021-01-15,7478
Alabama,,2021-01-16,7498
Alabama,,2021-01-17,7509
Alabama,,2021-01-18,7517
Alabama,,2021-01-19,7523
Alabama,,2021-01-20,7880
Alabama,,2021-01-21,10517
Alabama,,2021-01-22,14107
Alabama,,2021-01-23,16202
Alabama,,2021-01-24,18294
Alabama,,2021-01-25,18196
Alabama,,2021-01-26,17738
Alabama,,2021-01-27,18178
Alabama,,2021-01-28,16153
Alabama,,2021-01-29,14514
Alabama,,2021-01-30,17271
Alabama,,2021-01-31,15748
Alabama,,2021-02-01,15381
Alabama,,2021-02-02,16703
Alabama,,2021-02-03,17414
Alabama,,2021-02-04,18491
Alabama,,2021-02-05,18526
Alabama,,2021-02-06,16105
Alabama,,2021-02-07,15480
Alabama,,2021-02-08,15622
Alabama,,2021-02-09,17012
Alabama,,2021-02-10,18209
Alabama,,2021-02-11,19258
Alabama,,2021-02-12,20074
Alabama,,2021-02-13,20855
Alabama,,2021-02-14,21417
Alaska,,2021-01-13,2842
Alaska,,2021-01-14,3379
Alaska,,2021-01-15,4400
Alaska,,2021-01-16,4381
Alaska,,2021-01-17,4369
Alaska,,2021-01-18,4362
Alaska,,2021-01-19,4356
Alaska,,2021-01-20,4230
Alaska,,2021-01-21,4187
Alaska,,2021-01-22,4580
Alaska,,2021-01-23,4997
Alaska,,2021-01-24,5225
Alaska,,2021-01-25,5003
Alaska,,2021-01-26,4545
Alaska,,2021-01-27,4758
Alaska,,2021-01-28,4850
Alaska,,2021-01-29,4186
Alaska,,2021-01-30,3846
Alaska,,2021-01-31,3619
Alaska,,2021-02-01,3570
Alaska,,2021-02-02,3613
Alaska,,2021-02-03,3453
Alaska,,2021-02-04,3440
Alaska,,2021-02-05,3372
Alaska,,2021-02-06,3411
Alaska,,2021-02-07,3785
Alaska,,2021-02-08,4131
Alaska,,2021-02-09,4204
Alaska,,2021-02-10,4356
Alaska,,2021-02-11,4620
Alaska,,2021-02-12,4776
Alaska,,2021-02-13,5142
Alaska,,2021-02-14,5393
American Samoa,ASM,2021-01-13,453
American Samoa,ASM,2021-01-14,424
American Samoa,ASM,2021-01-15,586
American Samoa,ASM,2021-01-16,494
American Samoa,ASM,2021-01-17,439
American Samoa,ASM,2021-01-18,402
American Samoa,ASM,2021-01-19,376
American Samoa,ASM,2021-01-20,391
American Samoa,ASM,2021-01-21,385
American Samoa,ASM,2021-01-22,384
American Samoa,ASM,2021-01-23,390
American Samoa,ASM,2021-01-24,532
American Samoa,ASM,2021-01-25,501
American Samoa,ASM,2021-01-26,508
American Samoa,ASM,2021-01-27,539
American Samoa,ASM,2021-01-28,489
American Samoa,ASM,2021-01-29,479
American Samoa,ASM,2021-01-30,442
American Samoa,ASM,2021-01-31,268
American Samoa,ASM,2021-02-01,388
American Samoa,ASM,2021-02-02,349
American Samoa,ASM,2021-02-03,283
American Samoa,ASM,2021-02-04,310
American Samoa,ASM,2021-02-05,301
American Samoa,ASM,2021-02-06,333
American Samoa,ASM,2021-02-07,333
American Samoa,ASM,2021-02-08,214
American Samoa,ASM,2021-02-09,274
American Samoa,ASM,2021-02-10,322
American Samoa,ASM,2021-02-11,322
American Samoa,ASM,2021-02-12,429
American Samoa,ASM,2021-02-13,446
American Samoa,ASM,2021-02-14,446
Arizona,,2021-01-13,13390
Arizona,,2021-01-14,16155
Arizona,,2021-01-15,18577
Arizona,,2021-01-16,18257
Arizona,,2021-01-17,18065
Arizona,,2021-01-18,17937
Arizona,,2021-01-19,17846
Arizona,,2021-01-20,18163
Arizona,,2021-01-21,18605
Arizona,,2021-01-22,18895
Arizona,,2021-01-23,20939
Arizona,,2021-01-24,22706
Arizona,,2021-01-25,23526
Arizona,,2021-01-26,23517
Arizona,,2021-01-27,25196
Arizona,,2021-01-28,26179
Arizona,,2021-01-29,27393
Arizona,,2021-01-30,28059
Arizona,,2021-01-31,29069
Arizona,,2021-02-01,29564
Arizona,,2021-02-02,28681
Arizona,,2021-02-03,28255
Arizona,,2021-02-04,28424
Arizona,,2021-02-05,28337
Arizona,,2021-02-06,29917
Arizona,,2021-02-07,30732
Arizona,,2021-02-08,31487
Arizona,,2021-02-09,33164
Arizona,,2021-02-10,34531
Arizona,,2021-02-11,36494
Arizona,,2021-02-12,38691
Arizona,,2021-02-13,39176
Arizona,,2021-02-14,39989
Arkansas,,2021-01-13,53975
Arkansas,,2021-01-14,33718
Arkansas,,2021-01-15,25820
Arkansas,,2021-01-16,20865
Arkansas,,2021-01-17,17892
Arkansas,,2021-01-18,15910
Arkansas,,2021-01-19,14494
Arkansas,,2021-01-20,11208
Arkansas,,2021-01-21,9285
Arkansas,,2021-01-22,11905
Arkansas,,2021-01-23,11048
Arkansas,,2021-01-24,11986
Arkansas,,2021-01-25,12108
Arkansas,,2021-01-26,13422
Arkansas,,2021-01-27,11359
Arkansas,,2021-01-28,11359
Arkansas,,2021-01-29,9760
Arkansas,,2021-01-30,12425
Arkansas,,2021-01-31,12793
Arkansas,,2021-02-01,12876
Arkansas,,2021-02-02,11169
Arkansas,,2021-02-03,9946
Arkansas,,2021-02-04,12200
Arkansas,,2021-02-05,11597
Arkansas,,2021-02-06,12289
Arkansas,,2021-02-07,12807
Arkansas,,2021-02-08,12919
Arkansas,,2021-02-09,12808
Arkansas,,2021-02-10,13658
Arkansas,,2021-02-11,13225
Arkansas,,2021-02-12,13710
Arkansas,,2021-02-13,11816
Arkansas,,2021-02-14,11299
Bureau of Prisons,,2021-01-13,1031
Bureau of Prisons,,2021-01-14,728
Bureau of Prisons,,2021-01-15,674
Bureau of Prisons,,2021-01-16,564
Bureau of Prisons,,2021-01-17,499
Bureau of Prisons,,2021-01-18,455
Bureau of Prisons,,2021-01-19,424
Bureau of Prisons,,2021-01-20,483
Bureau of Prisons,,2021-01-21,674
Bureau of Prisons,,2021-01-22,661
Bureau of Prisons,,2021-01-23,918
Bureau of Prisons,,2021-01-24,989
Bureau of Prisons,,2021-01-25,995
Bureau of Prisons,,2021-01-26,1126
Bureau of Prisons,,2021-01-27,1179
Bureau of Prisons,,2021-01-28,1097
Bureau of Prisons,,2021-01-29,1206
Bureau of Prisons,,2021-01-30,1086
Bureau of Prisons,,2021-01-31,1029
Bureau of Prisons,,2021-02-01,989
Bureau of Prisons,,2021-02-02,977
Bureau of Prisons,,2021-02-03,990
Bureau of Prisons,,2021-02-04,1097
Bureau of Prisons,,2021-02-05,1201
Bureau of Prisons,,2021-02-06,1239
Bureau of Prisons,,2021-02-07,1293
Bureau of Prisons,,2021-02-08,1293
Bureau of Prisons,,2021-02-09,1242
Bureau of Prisons,,2021-02-10,1214
Bureau of Prisons,,2021-02-11,1140
Bureau of Prisons,,2021-02-12,1065
Bureau of Prisons,,2021-02-13,1044
Bureau of Prisons,,2021-02-14,1033
California,,2021-01-13,75188
California,,2021-01-14,79496
California,,2021-01-15,85553
California,,2021-01-16,88381
California,,2021-01-17,90079
California,,2021-01-18,91210
California,,2021-01-19,92018
California,,2021-01-20,91549
California,,2021-01-21,94083
California,,2021-01-22,104389
California,,2021-01-23,119770
California,,2021-01-24,133316
California,,2021-01-25,138153
California,,2021-01-26,140878
California,,2021-01-27,149620
California,,2021-01-28,159000
California,,2021-01-29,158126
California,,2021-01-30,155366
California,,2021-01-31,155063
California,,2021-02-01,160379
California,,2021-02-02,156749
California,,2021-02-03,155950
California,,2021-02-04,139561
California,,2021-02-05,144296
California,,2021-02-06,148831
California,,2021-02-07,171402
California,,2021-02-08,175654
California,,2021-02-09,177237
California,,2021-02-10,183712
California,,2021-02-11,201580
California,,2021-02-12,202925
California,,2021-02-13,203565
California,,2021-02-14,190746
Colorado,,2021-01-13,15237
Colorado,,2021-01-14,15139
Colorado,,2021-01-15,15935
Colorado,,2021-01-16,15580
Colorado,,2021-01-17,15367
Colorado,,2021-01-18,15225
Colorado,,2021-01-19,15123
Colorado,,2021-01-20,14396
Colorado,,2021-01-21,14070
Colorado,,2021-01-22,15007
Colorado,,2021-01-23,12934
Colorado,,2021-01-24,19033
Colorado,,2021-01-25,18872
Colorado,,2021-01-26,18208
Colorado,,2021-01-27,19156
Colorado,,2021-01-28,20359
Colorado,,2021-01-29,20657
Colorado,,2021-01-30,24010
Colorado,,2021-01-31,19248
Colorado,,2021-02-01,20272
Colorado,,2021-02-02,20514
Colorado,,2021-02-03,20371
Colorado,,2021-02-04,20460
Colorado,,2021-02-05,19975
Colorado,,2021-02-06,21358
Colorado,,2021-02-07,22952
Colorado,,2021-02-08,23168
Colorado,,2021-02-09,22316
Colorado,,2021-02-10,24274
Colorado,,2021-02-11,25169
Colorado,,2021-02-12,26131
Colorado,,2021-02-13,27246
Colorado,,2021-02-14,28130
Connecticut,,2021-01-13,10480
Connecticut,,2021-01-14,10251
Connecticut,,2021-01-15,11490
Connecticut,,2021-01-16,11346
Connecticut,,2021-01-17,11260
Connecticut,,2021-01-18,11202
Connecticut,,2021-01-19,11161
Connecticut,,2021-01-20,11609
Connecticut,,2021-01-21,13259
Connecticut,,2021-01-22,14511
Connecticut,,2021-01-23,15716
Connecticut,,2021-01-24,16292
Connecticut,,2021-01-25,16094
Connecticut,,2021-01-26,16160
Connecticut,,2021-01-27,16836
Connecticut,,2021-01-28,16636
Connecticut,,2021-01-29,16561
Connecticut,,2021-01-30,16342
Connecticut,,2021-01-31,16444
Connecticut,,2021-02-01,16856
Connecticut,,2021-02-02,16207
Connecticut,,2021-02-03,14860
Connecticut,,2021-02-04,14381
Connecticut,,2021-02-05,14140
Connecticut,,2021-02-06,14030
Connecticut,,2021-02-07,13871
Connecticut,,2021-02-08,13309
Connecticut,,2021-02-09,14033
Connecticut,,2021-02-10,15677
Connecticut,,2021-02-11,16918
Connecticut,,2021-02-12,17762
Connecticut,,2021-02-13,19338
Connecticut,,2021-02-14,20109
Delaware,,2021-01-13,2003
Delaware,,2021-01-14,2340
Delaware,,2021-01-15,1560
Delaware,,2021-01-16,1887
Delaware,,2021-01-17,2083
Delaware,,2021-01-18,2213
Delaware,,2021-01-19,2307
Delaware,,2021-01-20,2461
Delaware,,2021-01-21,2611
Delaware,,2021-01-22,3310
Delaware,,2021-01-23,3724
Delaware,,2021-01-24,3909
Delaware,,2021-01-25,3889
Delaware,,2021-01-26,3707
Delaware,,2021-01-27,4544
Delaware,,2021-01-28,4703
Delaware,,2021-01-29,4720
Delaware,,2021-01-30,4641
Delaware,,2021-01-31,5110
Delaware,,2021-02-01,5112
Delaware,,2021-02-02,5038
Delaware,,2021-02-03,4299
Delaware,,2021-02-04,4071
Delaware,,2021-02-05,3847
Delaware,,2021-02-06,3709
Delaware,,2021-02-07,3353
Delaware,,2021-02-08,3422
Delaware,,2021-02-09,3393
Delaware,,2021-02-10,3225
Delaware,,2021-02-11,3227
Delaware,,2021-02-12,3195
Delaware,,2021-02-13,3375
Delaware,,2021-02-14,3287
Dept of Defense,,2021-01-13,554
Dept of Defense,,2021-01-14,20142
Dept of Defense,,2021-01-15,20682
Dept of Defense,,2021-01-16,18842
Dept of Defense,,2021-01-17,17738
Dept of Defense,,2021-01-18,17003
Dept of Defense,,2021-01-19,16477
Dept of Defense,,2021-01-20,16696
Dept of Defense,,2021-01-21,13536
Dept of Defense,,2021-01-22,13001
Dept of Defense,,2021-01-23,13823
Dept of Defense,,2021-01-24,15474
Dept of Defense,,2021-01-25,14961
Dept of Defense,,2021-01-26,13057
Dept of Defense,,2021-01-27,15592
Dept of Defense,,2021-01-28,16493
Dept of Defense,,2021-01-29,17604
Dept of Defense,,2021-01-30,19770
Dept of Defense,,2021-01-31,20675
Dept of Defense,,2021-02-01,19849
Dept of Defense,,2021-02-02,20600
Dept of Defense,,2021-02-03,20422
Dept of Defense,,2021-02-04,20132
Dept of Defense,,2021-02-05,20523
Dept of Defense,,2021-02-06,19825
Dept of Defense,,2021-02-07,20045
Dept of Defense,,2021-02-08,21115
Dept of Defense,,2021-02-09,20997
Dept of Defense,,2021-02-10,21207
Dept of Defense,,2021-02-11,21226
Dept of Defense,,2021-02-12,20337
Dept of Defense,,2021-02-13,19658
Dept of Defense,,2021-02-14,18608
District of Columbia,,2021-01-13,3237
District of Columbia,,2021-01-14,3434
District of Columbia,,2021-01-15,3374
District of Columbia,,2021-01-16,3159
District of Columbia,,2021-01-17,3030
District of Columbia,,2021-01-18,2944
District of Columbia,,2021-01-19,2882
District of Columbia,,2021-01-20,2669
District of Columbia,,2021-01-21,2633
District of Columbia,,2021-01-22,2419
District of Columbia,,2021-01-23,2478
District of Columbia,,2021-01-24,2490
District of Columbia,,2021-01-25,2388
District of Columbia,,2021-01-26,2109
District of Columbia,,2021-01-27,2336
District of Columbia,,2021-01-28,2247
District of Columbia,,2021-01-29,2352
District of Columbia,,2021-01-30,2411
District of Columbia,,2021-01-31,2591
District of Columbia,,2021-02-01,2618
District of Columbia,,2021-02-02,2686
District of Columbia,,2021-02-03,2426
District of Columbia,,2021-02-04,3322
District of Columbia,,2021-02-05,3648
District of Columbia,,2021-02-06,3623
District of Columbia,,2021-02-07,3613
District of Columbia,,2021-02-08,3708
District of Columbia,,2021-02-09,3560
District of Columbia,,2021-02-10,3344
District of Columbia,,2021-02-11,2518
District of Columbia,,2021-02-12,2178
District of Columbia,,2021-02-13,2033
District of Columbia,,2021-02-14,2213
Federated States of Micronesia,,2021-01-13,141
Federated States of Micronesia,,2021-01-14,90
Federated States of Micronesia,,2021-01-15,90
Federated States of Micronesia,,2021-01-16,114
Federated States of Micronesia,,2021-01-17,128
Federated States of Micronesia,,2021-01-18,138
Federated States of Micronesia,,2021-01-19,145
Federated States of Micronesia,,2021-01-20,170
Federated States of Micronesia,,2021-01-21,212
Federated States of Micronesia,,2021-01-22,260
Federated States of Micronesia,,2021-01-23,268
Federated States of Micronesia,,2021-01-24,241
Federated States of Micronesia,,2021-01-25,215
Federated States of Micronesia,,2021-01-26,220
Federated States of Micronesia,,2021-01-27,212
Federated States of Micronesia,,2021-01-28,202
Federated States of Micronesia,,2021-01-29,207
Federated States of Micronesia,,2021-01-30,173
Federated States of Micronesia,,2021-01-31,173
Federated States of Micronesia,,2021-02-01,336
Federated States of Micronesia,,2021-02-02,393
Federated States of Micronesia,,2021-02-03,430
Federated States of Micronesia,,2021-02-04,457
Federated States of Micronesia,,2021-02-05,434
Federated States of Micronesia,,2021-02-06,481
Federated States of Micronesia,,2021-02-07,493
Federated States of Micronesia,,2021-02-08,334
Federated States of Micronesia,,2021-02-09,286
Federated States of Micronesia,,2021-02-10,252
Federated States of Micronesia,,2021-02-11,238
Federated States of Micronesia,,2021-02-12,249
Federated States of Micronesia,,2021-02-13,271
Federated States of Micronesia,,2021-02-14,286
Florida,,2021-01-13,71958
Florida,,2021-01-14,70522
Florida,,2021-01-15,73214
Florida,,2021-01-16,75010
Florida,,2021-01-17,76089
Florida,,2021-01-18,76807
Florida,,2021-01-19,77321
Florida,,2021-01-20,76368
Florida,,2021-01-21,66499
Florida,,2021-01-22,65899
Florida,,2021-01-23,79360
Florida,,2021-01-24,75844
Florida,,2021-01-25,64359
Florida,,2021-01-26,57258
Florida,,2021-01-27,56074
Florida,,2021-01-28,66754
Florida,,2021-01-29,68838
Florida,,2021-01-30,57314
Florida,,2021-01-31,59262
Florida,,2021-02-01,65798
Florida,,2021-02-02,67522
Florida,,2021-02-03,71525
Florida,,2021-02-04,73786
Florida,,2021-02-05,66357
Florida,,2021-02-06,70806
Florida,,2021-02-07,92557
Florida,,2021-02-08,86021
Florida,,2021-02-09,97594
Florida,,2021-02-10,100338
Florida,,2021-02-11,104854
Florida,,2021-02-12,136471
Florida,,2021-02-13,137942
Florida,,2021-02-14,122904
Georgia,GEO,2021-01-13,28185
Georgia,GEO,2021-01-14,30367
Georgia,GEO,2021-01-15,20245
Georgia,GEO,2021-01-16,20248
Georgia,GEO,2021-01-17,20250
Georgia,GEO,2021-01-18,20251
Georgia,GEO,2021-01-19,20252
Georgia,GEO,2021-01-20,28327
Georgia,GEO,2021-01-21,31794
Georgia,GEO,2021-01-22,53169
Georgia,GEO,2021-01-23,50358
Georgia,GEO,2021-01-24,47464
Georgia,GEO,2021-01-25,44570
Georgia,GEO,2021-01-26,50893
Georgia,GEO,2021-01-27,45117
Georgia,GEO,2021-01-28,44336
Georgia,GEO,2021-01-29,29544
Georgia,GEO,2021-01-30,36097
Georgia,GEO,2021-01-31,43160
Georgia,GEO,2021-02-01,46636
Georgia,GEO,2021-02-02,38782
Georgia,GEO,2021-02-03,37453
Georgia,GEO,2021-02-04,34833
Georgia,GEO,2021-02-05,34476
Georgia,GEO,2021-02-06,34588
Georgia,GEO,2021-02-07,34263
Georgia,GEO,2021-02-08,33889
Georgia,GEO,2021-02-09,34269
Georgia,GEO,2021-02-10,35545
Georgia,GEO,2021-02-11,37854
Georgia,GEO,2021-02-12,31628
Georgia,GEO,2021-02-13,32847
Georgia,GEO,2021-02-14,41671
Guam,GUM,2021-01-13,0
Guam,GUM,2021-01-14,0
Guam,GUM,2021-01-15,0
Guam,GUM,2021-01-16,0
Guam,GUM,2021-01-17,0
Guam,GUM,2021-01-18,0
Guam,GUM,2021-01-19,0
Guam,GUM,2021-01-20,0
Guam,GUM,2021-01-21,0
Guam,GUM,2021-01-22,0
Guam,GUM,2021-01-23,0
Guam,GUM,2021-01-24,0
Guam,GUM,2021-01-25,0
Guam,GUM,2021-01-26,1931
Guam,GUM,2021-01-27,2067
Guam,GUM,2021-01-28,2247
Guam,GUM,2021-01-29,2495
Guam,GUM,2021-01-30,2666
Guam,GUM,2021-01-31,2666
Guam,GUM,2021-02-01,2808
Guam,GUM,2021-02-02,1072
Guam,GUM,2021-02-03,1115
Guam,GUM,2021-02-04,935
Guam,GUM,2021-02-05,874
Guam,GUM,2021-02-06,929
Guam,GUM,2021-02-07,1017
Guam,GUM,2021-02-08,896
Guam,GUM,2021-02-09,873
Guam,GUM,2021-02-10,911
Guam,GUM,2021-02-11,1132
Guam,GUM,2021-02-12,1221
Guam,GUM,2021-02-13,1256
Guam,GUM,2021-02-14,1293
Hawaii,,2021-01-13,3122
Hawaii,,2021-01-14,7251
Hawaii,,2021-01-15,4492
Hawaii,,2021-01-16,4431
Hawaii,,2021-01-17,4395
Hawaii,,2021-01-18,4370
Hawaii,,2021-01-19,4353
Hawaii,,2021-01-20,5048
Hawaii,,2021-01-21,4490
Hawaii,,2021-01-22,5405
Hawaii,,2021-01-23,4798
Hawaii,,2021-01-24,4191
Hawaii,,2021-01-25,4627
Hawaii,,2021-01-26,4258
Hawaii,,2021-01-27,3678
Hawaii,,2021-01-28,3504
Hawaii,,2021-01-29,3767
Hawaii,,2021-01-30,5101
Hawaii,,2021-01-31,6354
Hawaii,,2021-02-01,6249
Hawaii,,2021-02-02,6308
Hawaii,,2021-02-03,6571
Hawaii,,2021-02-04,6738
Hawaii,,2021-02-05,8364
Hawaii,,2021-02-06,8365
Hawaii,,2021-02-07,8254
Hawaii,,2021-02-08,8314
Hawaii,,2021-02-09,8017
Hawaii,,2021-02-10,7193
Hawaii,,2021-02-11,7073
Hawaii,,2021-02-12,5585
Hawaii,,2021-02-13,5532
Hawaii,,2021-02-14,5449
Idaho,,2021-01-13,3027
Idaho,,2021-01-14,3370
Idaho,,2021-01-15,3597
Idaho,,2021-01-16,3781
Idaho,,2021-01-17,3892
Idaho,,2021-01-18,3966
Idaho,,2021-01-19,4019
Idaho,,2021-01-20,4342
Idaho,,2021-01-21,4398
Idaho,,2021-01-22,4479
Idaho,,2021-01-23,4524
Idaho,,2021-01-24,4546
Idaho,,2021-01-25,4519
Idaho,,2021-01-26,4256
Idaho,,2021-01-27,3961
Idaho,,2021-01-28,4204
Idaho,,2021-01-29,4412
Idaho,,2021-01-30,4584
Idaho,,2021-01-31,4822
Idaho,,2021-02-01,4729
Idaho,,2021-02-02,4697
Idaho,,2021-02-03,5056
Idaho,,2021-02-04,5585
Idaho,,2021-02-05,7217
Idaho,,2021-02-06,8784
Idaho,,2021-02-07,9257
Idaho,,2021-02-08,10173
Idaho,,2021-02-09,10311
Idaho,,2021-02-10,10428
Idaho,,2021-02-11,10309
Idaho,,2021-02-12,7810
Idaho,,2021-02-13,6481
Idaho,,2021-02-14,8088
Illinois,,2021-01-13,18854
Illinois,,2021-01-14,28330
Illinois,,2021-01-15,30253
Illinois,,2021-01-16,28158
Illinois,,2021-01-17,26902
Illinois,,2021-01-18,26064
Illinois,,2021-01-19,25465
Illinois,,2021-01-20,24867
Illinois,,2021-01-21,23837
Illinois,,2021-01-22,24248
Illinois,,2021-01-23,27873
Illinois,,2021-01-24,31080
Illinois,,2021-01-25,31402
Illinois,,2021-01-26,30390
Illinois,,2021-01-27,32390
Illinois,,2021-01-28,36114
Illinois,,2021-01-29,39571
Illinois,,2021-01-30,42007
Illinois,,2021-01-31,44626
Illinois,,2021-02-01,47373
Illinois,,2021-02-02,47870
Illinois,,2021-02-03,48845
Illinois,,2021-02-04,50721
Illinois,,2021-02-05,51860
Illinois,,2021-02-06,54451
Illinois,,2021-02-07,55733
Illinois,,2021-02-08,57554
Illinois,,2021-02-09,57815
Illinois,,2021-02-10,61601
Illinois,,2021-02-11,60923
Illinois,,2021-02-12,61067
Illinois,,2021-02-13,63229
Illinois,,2021-02-14,64663
Indian Health Svc,,2021-01-13,6075
Indian Health Svc,,2021-01-14,6670
Indian Health Svc,,2021-01-15,7286
Indian Health Svc,,2021-01-16,6333
Indian Health Svc,,2021-01-17,5761
Indian Health Svc,,2021-01-18,5380
Indian Health Svc,,2021-01-19,5108
Indian Health Svc,,2021-01-20,4930
Indian Health Svc,,2021-01-21,5082
Indian Health Svc,,2021-01-22,4756
Indian Health Svc,,2021-01-23,7137
Indian Health Svc,,2021-01-24,8084
Indian Health Svc,,2021-01-25,7838
Indian Health Svc,,2021-01-26,7735
Indian Health Svc,,2021-01-27,8113
Indian Health Svc,,2021-01-28,8990
Indian Health Svc,,2021-01-29,9654
Indian Health Svc,,2021-01-30,7326
Indian Health Svc,,2021-01-31,7995
Indian Health Svc,,2021-02-01,7876
Indian Health Svc,,2021-02-02,7986
Indian Health Svc,,2021-02-03,8333
Indian Health Svc,,2021-02-04,8338
Indian Health Svc,,2021-02-05,7602
Indian Health Svc,,2021-02-06,11586
Indian Health Svc,,2021-02-07,10327
Indian Health Svc,,2021-02-08,11525
Indian Health Svc,,2021-02-09,11885
Indian Health Svc,,2021-02-10,11803
Indian Health Svc,,2021-02-11,12392
Indian Health Svc,,2021-02-12,14664
Indian Health Svc,,2021-02-13,12391
Indian Health Svc,,2021-02-14,13796
Indiana,,2021-01-13,19490
Indiana,,2021-01-14,20822
Indiana,,2021-01-15,22822
Indiana,,2021-01-16,21765
Indiana,,2021-01-17,21131
Indiana,,2021-01-18,20708
Indiana,,2021-01-19,20406
Indiana,,2021-01-20,20722
Indiana,,2021-01-21,21950
Indiana,,2021-01-22,21974
Indiana,,2021-01-23,23875
Indiana,,2021-01-24,21219
Indiana,,2021-01-25,25109
Indiana,,2021-01-26,23448
Indiana,,2021-01-27,23971
Indiana,,2021-01-28,23572
Indiana,,2021-01-29,23885
Indiana,,2021-01-30,23022
Indiana,,2021-01-31,23022
Indiana,,2021-02-01,16476
Indiana,,2021-02-02,16209
Indiana,,2021-02-03,16224
Indiana,,2021-02-04,17007
Indiana,,2021-02-05,18509
Indiana,,2021-02-06,20369
Indiana,,2021-02-07,20369
Indiana,,2021-02-08,20369
Indiana,,2021-02-09,21254
Indiana,,2021-02-10,22565
Indiana,,2021-02-11,22977
Indiana,,2021-02-12,23240
Indiana,,2021-02-13,38430
Indiana,,2021-02-14,44158
Iowa,,2021-01-13,13402
Iowa,,2021-01-14,6701
Iowa,,2021-01-15,7431
Iowa,,2021-01-16,7071
Iowa,,2021-01-17,6856
Iowa,,2021-01-18,6712
Iowa,,2021-01-19,6609
Iowa,,2021-01-20,5394
Iowa,,2021-01-21,6664
Iowa,,2021-01-22,7089
Iowa,,2021-01-23,7591
Iowa,,2021-01-24,8316
Iowa,,2021-01-25,8177
Iowa,,2021-01-26,7575
Iowa,,2021-01-27,7764
Iowa,,2021-01-28,7679
Iowa,,2021-01-29,7677
Iowa,,2021-01-30,8252
Iowa,,2021-01-31,8717
Iowa,,2021-02-01,8752
Iowa,,2021-02-02,8791
Iowa,,2021-02-03,8940
Iowa,,2021-02-04,9536
Iowa,,2021-02-05,9861
Iowa,,2021-02-06,10093
Iowa,,2021-02-07,10887
Iowa,,2021-02-08,12555
Iowa,,2021-02-09,13183
Iowa,,2021-02-10,14569
Iowa,,2021-02-11,15445
Iowa,,2021-02-12,16457
Iowa,,2021-02-13,17707
Iowa,,2021-02-14,18300
Kansas,,2021-01-13,7382
Kansas,,2021-01-14,6648
Kansas,,2021-01-15,6504
Kansas,,2021-01-16,6169
Kansas,,2021-01-17,5968
Kansas,,2021-01-18,5834
Kansas,,2021-01-19,5738
Kansas,,2021-01-20,5294
Kansas,,2021-01-21,5553
Kansas,,2021-01-22,5616
Kansas,,2021-01-23,5995
Kansas,,2021-01-24,6163
Kansas,,2021-01-25,5921
Kansas,,2021-01-26,5758
Kansas,,2021-01-27,6527
Kansas,,2021-01-28,8552
Kansas,,2021-01-29,7635
Kansas,,2021-01-30,8802
Kansas,,2021-01-31,10031
Kansas,,2021-02-01,10311
Kansas,,2021-02-02,10351
Kansas,,2021-02-03,10395
Kansas,,2021-02-04,8732
Kansas,,2021-02-05,10441
Kansas,,2021-02-06,10533
Kansas,,2021-02-07,10688
Kansas,,2021-02-08,10886
Kansas,,2021-02-09,10625
Kansas,,2021-02-10,11215
Kansas,,2021-02-11,11643
Kansas,,2021-02-12,12445
Kansas,,2021-02-13,12520
Kansas,,2021-02-14,13386
Kentucky,,2021-01-13,10322
Kentucky,,2021-01-14,11750
Kentucky,,2021-01-15,14211
Kentucky,,2021-01-16,13239
Kentucky,,2021-01-17,12656
Kentucky,,2021-01-18,12267
Kentucky,,2021-01-19,11989
Kentucky,,2021-01-20,11644
Kentucky,,2021-01-21,11361
Kentucky,,2021-01-22,11342
Kentucky,,2021-01-23,12270
Kentucky,,2021-01-24,14871
Kentucky,,2021-01-25,14535
Kentucky,,2021-01-26,13736
Kentucky,,2021-01-27,14189
Kentucky,,2021-01-28,15294
Kentucky,,2021-01-29,16071
Kentucky,,2021-01-30,16434
Kentucky,,2021-01-31,15030
Kentucky,,2021-02-01,15440
Kentucky,,2021-02-02,15339
Kentucky,,2021-02-03,16019
Kentucky,,2021-02-04,16226
Kentucky,,2021-02-05,16733
Kentucky,,2021-02-06,18738
Kentucky,,2021-02-07,20520
Kentucky,,2021-02-08,21305
Kentucky,,2021-02-09,21299
Kentucky,,2021-02-10,21364
Kentucky,,2021-02-11,21774
Kentucky,,2021-02-12,21820
Kentucky,,2021-02-13,18949
Kentucky,,2021-02-14,18632
Long Term Care,,2021-01-13,132403
Long Term Care,,2021-01-14,136860
Long Term Care,,2021-01-15,144396
Long Term Care,,2021-01-16,130827
Long Term Care,,2021-01-17,122686
Long Term Care,,2021-01-18,117258
Long Term Care,,2021-01-19,113381
Long Term Care,,2021-01-20,117726
Long Term Care,,2021-01-21,123384
Long Term Care,,2021-01-22,129189
Long Term Care,,2021-01-23,137512
Long Term Care,,2021-01-24,143117
Long Term Care,,2021-01-25,151309
Long Term Care,,2021-01-26,140056
Long Term Care,,2021-01-27,142369
Long Term Care,,2021-01-28,144708
Long Term Care,,2021-01-29,146426
Long Term Care,,2021-01-30,152537
Long Term Care,,2021-01-31,159529
Long Term Care,,2021-02-01,147756
Long Term Care,,2021-02-02,160804
Long Term Care,,2021-02-03,159652
Long Term Care,,2021-02-04,158270
Long Term Care,,2021-02-05,157910
Long Term Care,,2021-02-06,160504
Long Term Care,,2021-02-07,165061
Long Term Care,,2021-02-08,171101
Long Term Care,,2021-02-09,166252
Long Term Care,,2021-02-10,164870
Long Term Care,,2021-02-11,162678
Long Term Care,,2021-02-12,155450
Long Term Care,,2021-02-13,148304
Long Term Care,,2021-02-14,140532
Louisiana,,2021-01-13,13415
Louisiana,,2021-01-14,16520
Louisiana,,2021-01-15,18399
Louisiana,,2021-01-16,17400
Louisiana,,2021-01-17,16802
Louisiana,,2021-01-18,16402
Louisiana,,2021-01-19,16117
Louisiana,,2021-01-20,15459
Louisiana,,2021-01-21,14798
Louisiana,,2021-01-22,14241
Louisiana,,2021-01-23,14664
Louisiana,,2021-01-24,15330
Louisiana,,2021-01-25,14323
Louisiana,,2021-01-26,12869
Louisiana,,2021-01-27,13478
Louisiana,,2021-01-28,13785
Louisiana,,2021-01-29,14380
Louisiana,,2021-01-30,15126
Louisiana,,2021-01-31,15661
Louisiana,,2021-02-01,17390
Louisiana,,2021-02-02,18620
Louisiana,,2021-02-03,18602
Louisiana,,2021-02-04,19155
Louisiana,,2021-02-05,19727
Louisiana,,2021-02-06,21403
Louisiana,,2021-02-07,22318
Louisiana,,2021-02-08,21552
Louisiana,,2021-02-09,20531
Louisiana,,2021-02-10,21437
Louisiana,,2021-02-11,18434
Louisiana,,2021-02-12,23529
Louisiana,,2021-02-13,23556
Louisiana,,2021-02-14,24173
Maine,,2021-01-13,2303
Maine,,2021-01-14,3092
Maine,,2021-01-15,2061
Maine,,2021-01-16,2349
Maine,,2021-01-17,2522
Maine,,2021-01-18,2637
Maine,,2021-01-19,2719
Maine,,2021-01-20,2703
Maine,,2021-01-21,2768
Maine,,2021-01-22,3609
Maine,,2021-01-23,4095
Maine,,2021-01-24,4609
Maine,,2021-01-25,4758
Maine,,2021-01-26,4421
Maine,,2021-01-27,4717
Maine,,2021-01-28,4956
Maine,,2021-01-29,5259
Maine,,2021-01-30,5581
Maine,,2021-01-31,5791
Maine,,2021-02-01,5960
Maine,,2021-02-02,5837
Maine,,2021-02-03,5229
Maine,,2021-02-04,5464
Maine,,2021-02-05,5147
Maine,,2021-02-06,5223
Maine,,2021-02-07,5442
Maine,,2021-02-08,4666
Maine,,2021-02-09,5961
Maine,,2021-02-10,6780
Maine,,2021-02-11,5687
Maine,,2021-02-12,4859
Maine,,2021-02-13,3517
Maine,,2021-02-14,2114
Marshall Islands,MHL,2021-01-13,10
Marshall Islands,MHL,2021-01-14,5
Marshall Islands,MHL,2021-01-15,6
Marshall Islands,MHL,2021-01-16,44
Marshall Islands,MHL,2021-01-17,66
Marshall Islands,MHL,2021-01-18,81
Marshall Islands,MHL,2021-01-19,92
Marshall Islands,MHL,2021-01-20,124
Marshall Islands,MHL,2021-01-21,192
Marshall Islands,MHL,2021-01-22,254
Marshall Islands,MHL,2021-01-23,294
Marshall Islands,MHL,2021-01-24,304
Marshall Islands,MHL,2021-01-25,282
Marshall Islands,MHL,2021-01-26,286
Marshall Islands,MHL,2021-01-27,289
Marshall Islands,MHL,2021-01-28,252
Marshall Islands,MHL,2021-01-29,213
Marshall Islands,MHL,2021-01-30,160
Marshall Islands,MHL,2021-01-31,147
Marshall Islands,MHL,2021-02-01,147
Marshall Islands,MHL,2021-02-02,139
Marshall Islands,MHL,2021-02-03,103
Marshall Islands,MHL,2021-02-04,96
Marshall Islands,MHL,2021-02-05,89
Marshall Islands,MHL,2021-02-06,107
Marshall Islands,MHL,2021-02-07,111
Marshall Islands,MHL,2021-02-08,111
Marshall Islands,MHL,2021-02-09,127
Marshall Islands,MHL,2021-02-10,143
Marshall Islands,MHL,2021-02-11,144
Marshall Islands,MHL,2021-02-12,151
Marshall Islands,MHL,2021-02-13,141
Marshall Islands,MHL,2021-02-14,147
Maryland,,2021-01-13,31825
Maryland,,2021-01-14,15912
Maryland,,2021-01-15,16158
Maryland,,2021-01-16,15424
Maryland,,2021-01-17,14984
Maryland,,2021-01-18,14690
Maryland,,2021-01-19,14481
Maryland,,2021-01-20,11441
Maryland,,2021-01-21,13407
Maryland,,2021-01-22,13258
Maryland,,2021-01-23,14212
Maryland,,2021-01-24,16770
Maryland,,2021-01-25,16637
Maryland,,2021-01-26,16846
Maryland,,2021-01-27,18730
Maryland,,2021-01-28,20043
Maryland,,2021-01-29,22150
Maryland,,2021-01-30,24053
Maryland,,2021-01-31,23844
Maryland,,2021-02-01,25352
Maryland,,2021-02-02,24503
Maryland,,2021-02-03,22451
Maryland,,2021-02-04,21945
Maryland,,2021-02-05,21726
Maryland,,2021-02-06,21580
Maryland,,2021-02-07,22796
Maryland,,2021-02-08,22143
Maryland,,2021-02-09,22275
Maryland,,2021-02-10,24964
Maryland,,2021-02-11,25665
Maryland,,2021-02-12,26306
Maryland,,2021-02-13,26485
Maryland,,2021-02-14,26567
Massachusetts,,2021-01-13,13361
Massachusetts,,2021-01-14,14697
Massachusetts,,2021-01-15,17698
Massachusetts,,2021-01-16,17130
Massachusetts,,2021-01-17,16789
Massachusetts,,2021-01-18,16562
Massachusetts,,2021-01-19,16399
Massachusetts,,2021-01-20,16150
Massachusetts,,2021-01-21,17092
Massachusetts,,2021-01-22,16207
Massachusetts,,2021-01-23,17195
Massachusetts,,2021-01-24,18826
Massachusetts,,2021-01-25,18595
Massachusetts,,2021-01-26,17689
Massachusetts,,2021-01-27,19112
Massachusetts,,2021-01-28,19602
Massachusetts,,2021-01-29,21411
Massachusetts,,2021-01-30,22016
Massachusetts,,2021-01-31,22768
Massachusetts,,2021-02-01,25047
Massachusetts,,2021-02-02,26111
Massachusetts,,2021-02-03,23029
Massachusetts,,2021-02-04,23228
Massachusetts,,2021-02-05,23510
Massachusetts,,2021-02-06,25720
Massachusetts,,2021-02-07,28727
Massachusetts,,2021-02-08,28204
Massachusetts,,2021-02-09,29538
Massachusetts,,2021-02-10,36924
Massachusetts,,2021-02-11,38812
Massachusetts,,2021-02-12,39662
Massachusetts,,2021-02-13,40349
Massachusetts,,2021-02-14,43617
Michigan,,2021-01-13,63834
Michigan,,2021-01-14,49775
Michigan,,2021-01-15,45499
Michigan,,2021-01-16,41587
Michigan,,2021-01-17,39240
Michigan,,2021-01-18,37676
Michigan,,2021-01-19,36558
Michigan,,2021-01-20,31013
Michigan,,2021-01-21,31658
Michigan,,2021-01-22,33039
Michigan,,2021-01-23,36947
Michigan,,2021-01-24,38769
Michigan,,2021-01-25,39100
Michigan,,2021-01-26,36954
Michigan,,2021-01-27,37632
Michigan,,2021-01-28,37939
Michigan,,2021-01-29,38744
Michigan,,2021-01-30,38537
Michigan,,2021-01-31,40251
Michigan,,2021-02-01,39730
Michigan,,2021-02-02,39030
Michigan,,2021-02-03,38605
Michigan,,2021-02-04,37770
Michigan,,2021-02-05,38216
Michigan,,2021-02-06,38680
Michigan,,2021-02-07,39273
Michigan,,2021-02-08,39547
Michigan,,2021-02-09,42057
Michigan,,2021-02-10,45237
Michigan,,2021-02-11,47606
Michigan,,2021-02-12,47350
Michigan,,2021-02-13,49239
Michigan,,2021-02-14,50433
Minnesota,,2021-01-13,3115
Minnesota,,2021-01-14,8722
Minnesota,,2021-01-15,12004
Minnesota,,2021-01-16,12333
Minnesota,,2021-01-17,12531
Minnesota,,2021-01-18,12662
Minnesota,,2021-01-19,12756
Minnesota,,2021-01-20,12456
Minnesota,,2021-01-21,11390
Minnesota,,2021-01-22,11426
Minnesota,,2021-01-23,13389
Minnesota,,2021-01-24,13755
Minnesota,,2021-01-25,15521
Minnesota,,2021-01-26,15558
Minnesota,,2021-01-27,17550
Minnesota,,2021-01-28,20603
Minnesota,,2021-01-29,23159
Minnesota,,2021-01-30,25793
Minnesota,,2021-01-31,28223
Minnesota,,2021-02-01,28495
Minnesota,,2021-02-02,27466
Minnesota,,2021-02-03,25329
Minnesota,,2021-02-04,32973
Minnesota,,2021-02-05,27729
Minnesota,,2021-02-06,31074
Minnesota,,2021-02-07,30049
Minnesota,,2021-02-08,28423
Minnesota,,2021-02-09,27513
Minnesota,,2021-02-10,27513
Minnesota,,2021-02-11,17116
Minnesota,,2021-02-12,21793
Minnesota,,2021-02-13,18302
Minnesota,,2021-02-14,20236
Mississippi,,2021-01-13,6745
Mississippi,,2021-01-14,8652
Mississippi,,2021-01-15,9928
Mississippi,,2021-01-16,9274
Mississippi,,2021-01-17,8881
Mississippi,,2021-01-18,8620
Mississippi,,2021-01-19,8433
Mississippi,,2021-01-20,8757
Mississippi,,2021-01-21,9263
Mississippi,,2021-01-22,9457
Mississippi,,2021-01-23,8412
Mississippi,,2021-01-24,11241
Mississippi,,2021-01-25,10671
Mississippi,,2021-01-26,9777
Mississippi,,2021-01-27,9665
Mississippi,,2021-01-28,9222
Mississippi,,2021-01-29,8889
Mississippi,,2021-01-30,10280
Mississippi,,2021-01-31,8395
Mississippi,,2021-02-01,8271
Mississippi,,2021-02-02,8302
Mississippi,,2021-02-03,8667
Mississippi,,2021-02-04,7094
Mississippi,,2021-02-05,9019
Mississippi,,2021-02-06,11140
Mississippi,,2021-02-07,12090
Mississippi,,2021-02-08,12653
Mississippi,,2021-02-09,12708
Mississippi,,2021-02-10,13515
Mississippi,,2021-02-11,16356
Mississippi,,2021-02-12,15778
Mississippi,,2021-02-13,15323
Mississippi,,2021-02-14,15167
Missouri,,2021-01-13,0
Missouri,,2021-01-14,6765
Missouri,,2021-01-15,9554
Missouri,,2021-01-16,10029
Missouri,,2021-01-17,10313
Missouri,,2021-01-18,10503
Missouri,,2021-01-19,10639
Missouri,,2021-01-20,11813
Missouri,,2021-01-21,12867
Missouri,,2021-01-22,13607
Missouri,,2021-01-23,12832
Missouri,,2021-01-24,14912
Missouri,,2021-01-25,15842
Missouri,,2021-01-26,14860
Missouri,,2021-01-27,16239
Missouri,,2021-01-28,16739
Missouri,,2021-01-29,17535
Missouri,,2021-01-30,16674
Missouri,,2021-01-31,18092
Missouri,,2021-02-01,18072
Missouri,,2021-02-02,18019
Missouri,,2021-02-03,17709
Missouri,,2021-02-04,17522
Missouri,,2021-02-05,18250
Missouri,,2021-02-06,25073
Missouri,,2021-02-07,25824
Missouri,,2021-02-08,25891
Missouri,,2021-02-09,25780
Missouri,,2021-02-10,26792
Missouri,,2021-02-11,27112
Missouri,,2021-02-12,25899
Missouri,,2021-02-13,31850
Missouri,,2021-02-14,31839
Montana,,2021-01-13,1980
Montana,,2021-01-14,2268
Montana,,2021-01-15,2427
Montana,,2021-01-16,2228
Montana,,2021-01-17,2109
Montana,,2021-01-18,2030
Montana,,2021-01-19,1973
Montana,,2021-01-20,1880
Montana,,2021-01-21,1967
Montana,,2021-01-22,2426
Montana,,2021-01-23,3078
Montana,,2021-01-24,3423
Montana,,2021-01-25,3299
Montana,,2021-01-26,3122
Montana,,2021-01-27,3421
Montana,,2021-01-28,3689
Montana,,2021-01-29,3749
Montana,,2021-01-30,3818
Montana,,2021-01-31,3991
Montana,,2021-02-01,4113
Montana,,2021-02-02,4225
Montana,,2021-02-03,4172
Montana,,2021-02-04,4276
Montana,,2021-02-05,4278
Montana,,2021-02-06,4516
Montana,,2021-02-07,4749
Montana,,2021-02-08,4733
Montana,,2021-02-09,4686
Montana,,2021-02-10,4853
Montana,,2021-02-11,4742
Montana,,2021-02-12,5023
Montana,,2021-02-13,5211
Montana,,2021-02-14,5578
Nebraska,,2021-01-13,5260
Nebraska,,2021-01-14,5240
Nebraska,,2021-01-15,5585
Nebraska,,2021-01-16,4970
Nebraska,,2021-01-17,4601
Nebraska,,2021-01-18,4354
Nebraska,,2021-01-19,4179
Nebraska,,2021-01-20,3798
Nebraska,,2021-01-21,3846
Nebraska,,2021-01-22,3894
Nebraska,,2021-01-23,4250
Nebraska,,2021-01-24,5058
Nebraska,,2021-01-25,4781
Nebraska,,2021-01-26,4492
Nebraska,,2021-01-27,4756
Nebraska,,2021-01-28,5454
Nebraska,,2021-01-29,5703
Nebraska,,2021-01-30,6172
Nebraska,,2021-01-31,6409
Nebraska,,2021-02-01,6698
Nebraska,,2021-02-02,6754
Nebraska,,2021-02-03,6959
Nebraska,,2021-02-04,6444
Nebraska,,2021-02-05,6538
Nebraska,,2021-02-06,7304
Nebraska,,2021-02-07,7595
Nebraska,,2021-02-08,7592
Nebraska,,2021-02-09,7555
Nebraska,,2021-02-10,7540
Nebraska,,2021-02-11,7536
Nebraska,,2021-02-12,7967
Nebraska,,2021-02-13,7935
Nebraska,,2021-02-14,7833
Nevada,,2021-01-13,0
Nevada,,2021-01-14,7596
Nevada,,2021-01-15,7340
Nevada,,2021-01-16,6703
Nevada,,2021-01-17,6321
Nevada,,2021-01-18,6066
Nevada,,2021-01-19,5884
Nevada,,2021-01-20,6497
Nevada,,2021-01-21,5592
Nevada,,2021-01-22,6112
Nevada,,2021-01-23,6938
Nevada,,2021-01-24,8421
Nevada,,2021-01-25,8832
Nevada,,2021-01-26,8789
Nevada,,2021-01-27,9605
Nevada,,2021-01-28,11279
Nevada,,2021-01-29,11961
Nevada,,2021-01-30,12452
Nevada,,2021-01-31,12696
Nevada,,2021-02-01,12698
Nevada,,2021-02-02,12687
Nevada,,2021-02-03,15015
Nevada,,2021-02-04,13808
Nevada,,2021-02-05,13448
Nevada,,2021-02-06,14009
Nevada,,2021-02-07,13285
Nevada,,2021-02-08,13990
Nevada,,2021-02-09,14051
Nevada,,2021-02-10,12409
Nevada,,2021-02-11,12497
Nevada,,2021-02-12,12836
Nevada,,2021-02-13,12686
Nevada,,2021-02-14,13479
New Hampshire,,2021-01-13,4605
New Hampshire,,2021-01-14,4049
New Hampshire,,2021-01-15,3968
New Hampshire,,2021-01-16,3541
New Hampshire,,2021-01-17,3285
New Hampshire,,2021-01-18,3114
New Hampshire,,2021-01-19,2992
New Hampshire,,2021-01-20,2886
New Hampshire,,2021-01-21,3133
New Hampshire,,2021-01-22,3297
New Hampshire,,2021-01-23,3577
New Hampshire,,2021-01-24,3757
New Hampshire,,2021-01-25,3618
New Hampshire,,2021-01-26,3635
New Hampshire,,2021-01-27,3952
New Hampshire,,2021-01-28,4259
New Hampshire,,2021-01-29,4545
New Hampshire,,2021-01-30,4846
New Hampshire,,2021-01-31,4996
New Hampshire,,2021-02-01,5127
New Hampshire,,2021-02-02,5542
New Hampshire,,2021-02-03,5027
New Hampshire,,2021-02-04,4948
New Hampshire,,2021-02-05,5105
New Hampshire,,2021-02-06,5348
New Hampshire,,2021-02-07,5368
New Hampshire,,2021-02-08,5155
New Hampshire,,2021-02-09,4704
New Hampshire,,2021-02-10,5417
New Hampshire,,2021-02-11,5574
New Hampshire,,2021-02-12,5424
New Hampshire,,2021-02-13,5642
New Hampshire,,2021-02-14,6093
New Jersey,,2021-01-13,41937
New Jersey,,2021-01-14,21188
New Jersey,,2021-01-15,32008
New Jersey,,2021-01-16,29199
New Jersey,,2021-01-17,27513
New Jersey,,2021-01-18,26389
New Jersey,,2021-01-19,25586
New Jersey,,2021-01-20,24177
New Jersey,,2021-01-21,24114
New Jersey,,2021-01-22,21042
New Jersey,,2021-01-23,23293
New Jersey,,2021-01-24,25288
New Jersey,,2021-01-25,26252
New Jersey,,2021-01-26,25084
New Jersey,,2021-01-27,25663
New Jersey,,2021-01-28,30856
New Jersey,,2021-01-29,37580
New Jersey,,2021-01-30,38294
New Jersey,,2021-01-31,37116
New Jersey,,2021-02-01,35307
New Jersey,,2021-02-02,37264
New Jersey,,2021-02-03,34266
New Jersey,,2021-02-04,29072
New Jersey,,2021-02-05,22473
New Jersey,,2021-02-06,38906
New Jersey,,2021-02-07,39909
New Jersey,,2021-02-08,40656
New Jersey,,2021-02-09,37172
New Jersey,,2021-02-10,42430
New Jersey,,2021-02-11,49279
New Jersey,,2021-02-12,52572
New Jersey,,2021-02-13,38345
New Jersey,,2021-02-14,39217
New Mexico,,2021-01-13,3620
New Mexico,,2021-01-14,5590
New Mexico,,2021-01-15,7023
New Mexico,,2021-01-16,7695
New Mexico,,2021-01-17,8098
New Mexico,,2021-01-18,8367
New Mexico,,2021-01-19,8559
New Mexico,,2021-01-20,8778
New Mexico,,2021-01-21,9007
New Mexico,,2021-01-22,8963
New Mexico,,2021-01-23,10812
New Mexico,,2021-01-24,11630
New Mexico,,2021-01-25,10890
New Mexico,,2021-01-26,10284
New Mexico,,2021-01-27,10539
New Mexico,,2021-01-28,10318
New Mexico,,2021-01-29,10959
New Mexico,,2021-01-30,9089
New Mexico,,2021-01-31,9144
New Mexico,,2021-02-01,10079
New Mexico,,2021-02-02,9640
New Mexico,,2021-02-03,9679
New Mexico,,2021-02-04,9982
New Mexico,,2021-02-05,9741
New Mexico,,2021-02-06,10613
New Mexico,,2021-02-07,9664
New Mexico,,2021-02-08,9652
New Mexico,,2021-02-09,9778
New Mexico,,2021-02-10,9971
New Mexico,,2021-02-11,10757
New Mexico,,2021-02-12,11694
New Mexico,,2021-02-13,11043
New Mexico,,2021-02-14,12584
New York State,,2021-01-13,52941
New York State,,2021-01-14,54522
New York State,,2021-01-15,59311
New York State,,2021-01-16,59662
New York State,,2021-01-17,59872
New York State,,2021-01-18,60012
New York State,,2021-01-19,60112
New York State,,2021-01-20,59145
New York State,,2021-01-21,61124
New York State,,2021-01-22,63790
New York State,,2021-01-23,66334
New York State,,2021-01-24,69502
New York State,,2021-01-25,68387
New York State,,2021-01-26,64808
New York State,,2021-01-27,67458
New York State,,2021-01-28,73438
New York State,,2021-01-29,71318
New York State,,2021-01-30,72774
New York State,,2021-01-31,72865
New York State,,2021-02-01,72765
New York State,,2021-02-02,73211
New York State,,2021-02-03,69210
New York State,,2021-02-04,61400
New York State,,2021-02-05,61298
New York State,,2021-02-06,61912
New York State,,2021-02-07,65915
New York State,,2021-02-08,70058
New York State,,2021-02-09,67892
New York State,,2021-02-10,76093
New York State,,2021-02-11,80062
New York State,,2021-02-12,82892
New York State,,2021-02-13,85146
New York State,,2021-02-14,84046
North Carolina,,2021-01-13,55328
North Carolina,,2021-01-14,28301
North Carolina,,2021-01-15,30405
North Carolina,,2021-01-16,28926
North Carolina,,2021-01-17,28038
North Carolina,,2021-01-18,27447
North Carolina,,2021-01-19,27024
North Carolina,,2021-01-20,22935
North Carolina,,2021-01-21,29296
North Carolina,,2021-01-22,31727
North Carolina,,2021-01-23,35671
North Carolina,,2021-01-24,40662
North Carolina,,2021-01-25,42821
North Carolina,,2021-01-26,42706
North Carolina,,2021-01-27,41324
North Carolina,,2021-01-28,53788
North Carolina,,2021-01-29,46616
North Carolina,,2021-01-30,45961
North Carolina,,2021-01-31,45031
North Carolina,,2021-02-01,42815
North Carolina,,2021-02-02,39490
North Carolina,,2021-02-03,44276
North Carolina,,2021-02-04,30525
North Carolina,,2021-02-05,36979
North Carolina,,2021-02-06,38929
North Carolina,,2021-02-07,41555
North Carolina,,2021-02-08,42660
North Carolina,,2021-02-09,44477
North Carolina,,2021-02-10,44199
North Carolina,,2021-02-11,45597
North Carolina,,2021-02-12,48191
North Carolina,,2021-02-13,50312
North Carolina,,2021-02-14,53556
North Dakota,,2021-01-13,1249
North Dakota,,2021-01-14,1648
North Dakota,,2021-01-15,2310
North Dakota,,2021-01-16,2370
North Dakota,,2021-01-17,2406
North Dakota,,2021-01-18,2430
North Dakota,,2021-01-19,2447
North Dakota,,2021-01-20,2418
North Dakota,,2021-01-21,2353
North Dakota,,2021-01-22,2528
North Dakota,,2021-01-23,2863
North Dakota,,2021-01-24,3095
North Dakota,,2021-01-25,3026
North Dakota,,2021-01-26,2693
North Dakota,,2021-01-27,2796
North Dakota,,2021-01-28,2972
North Dakota,,2021-01-29,3153
North Dakota,,2021-01-30,3227
North Dakota,,2021-01-31,3534
North Dakota,,2021-02-01,3463
North Dakota,,2021-02-02,3505
North Dakota,,2021-02-03,3763
North Dakota,,2021-02-04,3836
North Dakota,,2021-02-05,3807
North Dakota,,2021-02-06,4165
North Dakota,,2021-02-07,4130
North Dakota,,2021-02-08,4328
North Dakota,,2021-02-09,4256
North Dakota,,2021-02-10,3778
North Dakota,,2021-02-11,3817
North Dakota,,2021-02-12,3795
North Dakota,,2021-02-13,3348
North Dakota,,2021-02-14,3156
Northern Mariana Islands,MNP,2021-01-13,419
Northern Mariana Islands,MNP,2021-01-14,438
Northern Mariana Islands,MNP,2021-01-15,396
Northern Mariana Islands,MNP,2021-01-16,388
Northern Mariana Islands,MNP,2021-01-17,384
Northern Mariana Islands,MNP,2021-01-18,381
Northern Mariana Islands,MNP,2021-01-19,379
Northern Mariana Islands,MNP,2021-01-20,379
Northern Mariana Islands,MNP,2021-01-21,387
Northern Mariana Islands,MNP,2021-01-22,402
Northern Mariana Islands,MNP,2021-01-23,395
Northern Mariana Islands,MNP,2021-01-24,393
Northern Mariana Islands,MNP,2021-01-25,356
Northern Mariana Islands,MNP,2021-01-26,338
Northern Mariana Islands,MNP,2021-01-27,319
Northern Mariana Islands,MNP,2021-01-28,277
Northern Mariana Islands,MNP,2021-01-29,261
Northern Mariana Islands,MNP,2021-01-30,242
Northern Mariana Islands,MNP,2021-01-31,237
Northern Mariana Islands,MNP,2021-02-01,236
Northern Mariana Islands,MNP,2021-02-02,238
Northern Mariana Islands,MNP,2021-02-03,233
Northern Mariana Islands,MNP,2021-02-04,245
Northern Mariana Islands,MNP,2021-02-05,255
Northern Mariana Islands,MNP,2021-02-06,281
Northern Mariana Islands,MNP,2021-02-07,263
Northern Mariana Islands,MNP,2021-02-08,252
Northern Mariana Islands,MNP,2021-02-09,265
Northern Mariana Islands,MNP,2021-02-10,268
Northern Mariana Islands,MNP,2021-02-11,252
Northern Mariana Islands,MNP,2021-02-12,234
Northern Mariana Islands,MNP,2021-02-13,242
Northern Mariana Islands,MNP,2021-02-14,266
Ohio,,2021-01-13,17428
Ohio,,2021-01-14,18267
Ohio,,2021-01-15,21179
Ohio,,2021-01-16,21926
Ohio,,2021-01-17,22373
Ohio,,2021-01-18,22672
Ohio,,2021-01-19,22885
Ohio,,2021-01-20,22595
Ohio,,2021-01-21,19865
Ohio,,2021-01-22,24296
Ohio,,2021-01-23,27905
Ohio,,2021-01-24,31907
Ohio,,2021-01-25,33957
Ohio,,2021-01-26,33706
Ohio,,2021-01-27,36967
Ohio,,2021-01-28,43198
Ohio,,2021-01-29,42514
Ohio,,2021-01-30,45154
Ohio,,2021-01-31,43844
Ohio,,2021-02-01,45572
Ohio,,2021-02-02,48159
Ohio,,2021-02-03,48449
Ohio,,2021-02-04,48316
Ohio,,2021-02-05,47734
Ohio,,2021-02-06,47355
Ohio,,2021-02-07,48565
Ohio,,2021-02-08,48814
Ohio,,2021-02-09,46941
Ohio,,2021-02-10,45864
Ohio,,2021-02-11,47299
Ohio,,2021-02-12,51893
Ohio,,2021-02-13,52952
Ohio,,2021-02-14,56851
Oklahoma,,2021-01-13,14560
Oklahoma,,2021-01-14,14712
Oklahoma,,2021-01-15,15189
Oklahoma,,2021-01-16,13809
Oklahoma,,2021-01-17,12982
Oklahoma,,2021-01-18,12430
Oklahoma,,2021-01-19,12036
Oklahoma,,2021-01-20,11326
Oklahoma,,2021-01-21,11453
Oklahoma,,2021-01-22,12013
Oklahoma,,2021-01-23,13104
Oklahoma,,2021-01-24,14294
Oklahoma,,2021-01-25,13446
Oklahoma,,2021-01-26,12397
Oklahoma,,2021-01-27,13351
Oklahoma,,2021-01-28,13688
Oklahoma,,2021-01-29,14169
Oklahoma,,2021-01-30,15071
Oklahoma,,2021-01-31,16454
Oklahoma,,2021-02-01,16719
Oklahoma,,2021-02-02,16686
Oklahoma,,2021-02-03,16757
Oklahoma,,2021-02-04,17304
Oklahoma,,2021-02-05,17715
Oklahoma,,2021-02-06,18707
Oklahoma,,2021-02-07,19394
Oklahoma,,2021-02-08,20353
Oklahoma,,2021-02-09,20362
Oklahoma,,2021-02-10,20567
Oklahoma,,2021-02-11,20568
Oklahoma,,2021-02-12,18523
Oklahoma,,2021-02-13,17083
Oklahoma,,2021-02-14,15515
Oregon,,2021-01-13,10465
Oregon,,2021-01-14,12593
Oregon,,2021-01-15,13848
Oregon,,2021-01-16,14809
Oregon,,2021-01-17,15386
Oregon,,2021-01-18,15771
Oregon,,2021-01-19,16045
Oregon,,2021-01-20,14550
Oregon,,2021-01-21,12447
Oregon,,2021-01-22,15365
Oregon,,2021-01-23,15231
Oregon,,2021-01-24,14912
Oregon,,2021-01-25,14492
Oregon,,2021-01-26,13020
Oregon,,2021-01-27,15509
Oregon,,2021-01-28,17636
Oregon,,2021-01-29,15098
Oregon,,2021-01-30,15990
Oregon,,2021-01-31,17424
Oregon,,2021-02-01,17564
Oregon,,2021-02-02,18605
Oregon,,2021-02-03,18397
Oregon,,2021-02-04,18800
Oregon,,2021-02-05,18252
Oregon,,2021-02-06,18212
Oregon,,2021-02-07,17837
Oregon,,2021-02-08,18688
Oregon,,2021-02-09,19199
Oregon,,2021-02-10,19252
Oregon,,2021-02-11,16722
Oregon,,2021-02-12,14555
Oregon,,2021-02-13,20151
Oregon,,2021-02-14,19796
Pennsylvania,,2021-01-13,37996
Pennsylvania,,2021-01-14,34233
Pennsylvania,,2021-01-15,35401
Pennsylvania,,2021-01-16,32567
Pennsylvania,,2021-01-17,30867
Pennsylvania,,2021-01-18,29734
Pennsylvania,,2021-01-19,28924
Pennsylvania,,2021-01-20,26959
Pennsylvania,,2021-01-21,27859
Pennsylvania,,2021-01-22,29248
Pennsylvania,,2021-01-23,31950
Pennsylvania,,2021-01-24,35472
Pennsylvania,,2021-01-25,36636
Pennsylvania,,2021-01-26,36563
Pennsylvania,,2021-01-27,40474
Pennsylvania,,2021-01-28,35849
Pennsylvania,,2021-01-29,45694
Pennsylvania,,2021-01-30,48079
Pennsylvania,,2021-01-31,49083
Pennsylvania,,2021-02-01,51055
Pennsylvania,,2021-02-02,50799
Pennsylvania,,2021-02-03,43730
Pennsylvania,,2021-02-04,51766
Pennsylvania,,2021-02-05,42684
Pennsylvania,,2021-02-06,43724
Pennsylvania,,2021-02-07,45667
Pennsylvania,,2021-02-08,43882
Pennsylvania,,2021-02-09,46034
Pennsylvania,,2021-02-10,54281
Pennsylvania,,2021-02-11,53677
Pennsylvania,,2021-02-12,56762
Pennsylvania,,2021-02-13,48534
Pennsylvania,,2021-02-14,59213
Puerto Rico,PRI,2021-01-13,9873
Puerto Rico,PRI,2021-01-14,10160
Puerto Rico,PRI,2021-01-15,9859
Puerto Rico,PRI,2021-01-16,8982
Puerto Rico,PRI,2021-01-17,8455
Puerto Rico,PRI,2021-01-18,8104
Puerto Rico,PRI,2021-01-19,7853
Puerto Rico,PRI,2021-01-20,7457
Puerto Rico,PRI,2021-01-21,7559
Puerto Rico,PRI,2021-01-22,8199
Puerto Rico,PRI,2021-01-23,8965
Puerto Rico,PRI,2021-01-24,9620
Puerto Rico,PRI,2021-01-25,9205
Puerto Rico,PRI,2021-01-26,8450
Puerto Rico,PRI,2021-01-27,9019
Puerto Rico,PRI,2021-01-28,9198
Puerto Rico,PRI,2021-01-29,8968
Puerto Rico,PRI,2021-01-30,8974
Puerto Rico,PRI,2021-01-31,9317
Puerto Rico,PRI,2021-02-01,9403
Puerto Rico,PRI,2021-02-02,9251
Puerto Rico,PRI,2021-02-03,9558
Puerto Rico,PRI,2021-02-04,9449
Puerto Rico,PRI,2021-02-05,9103
Puerto Rico,PRI,2021-02-06,9091
Puerto Rico,PRI,2021-02-07,7186
Puerto Rico,PRI,2021-02-08,6608
Puerto Rico,PRI,2021-02-09,8658
Puerto Rico,PRI,2021-02-10,8242
Puerto Rico,PRI,2021-02-11,8377
Puerto Rico,PRI,2021-02-12,6991
Puerto Rico,PRI,2021-02-13,10163
Puerto Rico,PRI,2021-02-14,11861
Republic of Palau,,2021-01-13,309
Republic of Palau,,2021-01-14,175
Republic of Palau,,2021-01-15,234
Republic of Palau,,2021-01-16,225
Republic of Palau,,2021-01-17,220
Republic of Palau,,2021-01-18,217
Republic of Palau,,2021-01-19,214
Republic of Palau,,2021-01-20,179
Republic of Palau,,2021-01-21,234
Republic of Palau,,2021-01-22,184
Republic of Palau,,2021-01-23,195
Republic of Palau,,2021-01-24,218
Republic of Palau,,2021-01-25,190
Republic of Palau,,2021-01-26,162
Republic of Palau,,2021-01-27,152
Republic of Palau,,2021-01-28,95
Republic of Palau,,2021-01-29,98
Republic of Palau,,2021-01-30,61
Republic of Palau,,2021-01-31,9
Republic of Palau,,2021-02-01,9
Republic of Palau,,2021-02-02,18
Republic of Palau,,2021-02-03,26
Republic of Palau,,2021-02-04,23
Republic of Palau,,2021-02-05,39
Republic of Palau,,2021-02-06,36
Republic of Palau,,2021-02-07,51
Republic of Palau,,2021-02-08,51
Republic of Palau,,2021-02-09,42
Republic of Palau,,2021-02-10,43
Republic of Palau,,2021-02-11,86
Republic of Palau,,2021-02-12,73
Republic of Palau,,2021-02-13,122
Republic of Palau,,2021-02-14,122
Rhode Island,,2021-01-13,2460
Rhode Island,,2021-01-14,2652
Rhode Island,,2021-01-15,2660
Rhode Island,,2021-01-16,2403
Rhode Island,,2021-01-17,2249
Rhode Island,,2021-01-18,2147
Rhode Island,,2021-01-19,2073
Rhode Island,,2021-01-20,2084
Rhode Island,,2021-01-21,2020
Rhode Island,,2021-01-22,2061
Rhode Island,,2021-01-23,2010
Rhode Island,,2021-01-24,2393
Rhode Island,,2021-01-25,2567
Rhode Island,,2021-01-26,2598
Rhode Island,,2021-01-27,2810
Rhode Island,,2021-01-28,3018
Rhode Island,,2021-01-29,3090
Rhode Island,,2021-01-30,3549
Rhode Island,,2021-01-31,3373
Rhode Island,,2021-02-01,3403
Rhode Island,,2021-02-02,3897
Rhode Island,,2021-02-03,3599
Rhode Island,,2021-02-04,3391
Rhode Island,,2021-02-05,3335
Rhode Island,,2021-02-06,3391
Rhode Island,,2021-02-07,3699
Rhode Island,,2021-02-08,3749
Rhode Island,,2021-02-09,3220
Rhode Island,,2021-02-10,3355
Rhode Island,,2021-02-11,3436
Rhode Island,,2021-02-12,3566
Rhode Island,,2021-02-13,3582
Rhode Island,,2021-02-14,3441
South Carolina,,2021-01-13,18812
South Carolina,,2021-01-14,17390
South Carolina,,2021-01-15,13587
South Carolina,,2021-01-16,14274
South Carolina,,2021-01-17,14686
South Carolina,,2021-01-18,14961
South Carolina,,2021-01-19,15157
South Carolina,,2021-01-20,13246
South Carolina,,2021-01-21,13397
South Carolina,,2021-01-22,15309
South Carolina,,2021-01-23,15855
South Carolina,,2021-01-24,17756
South Carolina,,2021-01-25,19501
South Carolina,,2021-01-26,18577
South Carolina,,2021-01-27,19197
South Carolina,,2021-01-28,21474
South Carolina,,2021-01-29,22308
South Carolina,,2021-01-30,22672
South Carolina,,2021-01-31,22964
South Carolina,,2021-02-01,22200
South Carolina,,2021-02-02,21926
South Carolina,,2021-02-03,21745
South Carolina,,2021-02-04,19641
South Carolina,,2021-02-05,19105
South Carolina,,2021-02-06,19288
South Carolina,,2021-02-07,18482
South Carolina,,2021-02-08,17563
South Carolina,,2021-02-09,16428
South Carolina,,2021-02-10,18409
South Carolina,,2021-02-11,18723
South Carolina,,2021-02-12,18640
South Carolina,,2021-02-13,18852
South Carolina,,2021-02-14,19324
South Dakota,,2021-01-13,2014
South Dakota,,2021-01-14,2793
South Dakota,,2021-01-15,2802
South Dakota,,2021-01-16,2352
South Dakota,,2021-01-17,2082
South Dakota,,2021-01-18,1902
South Dakota,,2021-01-19,1774
South Dakota,,2021-01-20,1687
South Dakota,,2021-01-21,1585
South Dakota,,2021-01-22,1934
South Dakota,,2021-01-23,2728
South Dakota,,2021-01-24,3048
South Dakota,,2021-01-25,3200
South Dakota,,2021-01-26,3101
South Dakota,,2021-01-27,3495
South Dakota,,2021-01-28,3771
South Dakota,,2021-01-29,3798
South Dakota,,2021-01-30,3664
South Dakota,,2021-01-31,3646
South Dakota,,2021-02-01,3596
South Dakota,,2021-02-02,3597
South Dakota,,2021-02-03,3426
South Dakota,,2021-02-04,3414
South Dakota,,2021-02-05,3480
South Dakota,,2021-02-06,3535
South Dakota,,2021-02-07,3640
South Dakota,,2021-02-08,3626
South Dakota,,2021-02-09,3604
South Dakota,,2021-02-10,3639
South Dakota,,2021-02-11,3722
South Dakota,,2021-02-12,3868
South Dakota,,2021-02-13,3919
South Dakota,,2021-02-14,4112
Tennessee,,2021-01-13,13456
Tennessee,,2021-01-14,6728
Tennessee,,2021-01-15,17360
Tennessee,,2021-01-16,16050
Tennessee,,2021-01-17,15264
Tennessee,,2021-01-18,14740
Tennessee,,2021-01-19,14365
Tennessee,,2021-01-20,13403
Tennessee,,2021-01-21,15851
Tennessee,,2021-01-22,14037
Tennessee,,2021-01-23,15528
Tennessee,,2021-01-24,17781
Tennessee,,2021-01-25,17565
Tennessee,,2021-01-26,16589
Tennessee,,2021-01-27,18443
Tennessee,,2021-01-28,19197
Tennessee,,2021-01-29,20618
Tennessee,,2021-01-30,21427
Tennessee,,2021-01-31,22453
Tennessee,,2021-02-01,23609
Tennessee,,2021-02-02,23422
Tennessee,,2021-02-03,24312
Tennessee,,2021-02-04,24885
Tennessee,,2021-02-05,24652
Tennessee,,2021-02-06,25451
Tennessee,,2021-02-07,25973
Tennessee,,2021-02-08,25401
Tennessee,,2021-02-09,25742
Tennessee,,2021-02-10,25981
Tennessee,,2021-02-11,26016
Tennessee,,2021-02-12,26161
Tennessee,,2021-02-13,24927
Tennessee,,2021-02-14,25152
Texas,,2021-01-13,66581
Texas,,2021-01-14,66082
Texas,,2021-01-15,82927
Texas,,2021-01-16,77429
Texas,,2021-01-17,74131
Texas,,2021-01-18,71932
Texas,,2021-01-19,70361
Texas,,2021-01-20,70529
Texas,,2021-01-21,71561
Texas,,2021-01-22,69220
Texas,,2021-01-23,72384
Texas,,2021-01-24,68740
Texas,,2021-01-25,65851
Texas,,2021-01-26,73415
Texas,,2021-01-27,71804
Texas,,2021-01-28,80351
Texas,,2021-01-29,82155
Texas,,2021-01-30,87541
Texas,,2021-01-31,92226
Texas,,2021-02-01,98889
Texas,,2021-02-02,82619
Texas,,2021-02-03,96932
Texas,,2021-02-04,99765
Texas,,2021-02-05,101557
Texas,,2021-02-06,109611
Texas,,2021-02-07,119680
Texas,,2021-02-08,117976
Texas,,2021-02-09,134278
Texas,,2021-02-10,130817
Texas,,2021-02-11,129014
Texas,,2021-02-12,134688
Texas,,2021-02-13,128579
Texas,,2021-02-14,126730
United States,USA,2020-12-21,57909
United States,USA,2020-12-22,127432
United States,USA,2020-12-23,150606
United States,USA,2020-12-24,191001
United States,USA,2020-12-25,215238
United States,USA,2020-12-26,231396
United States,USA,2020-12-27,211379
United States,USA,2020-12-28,216147
United States,USA,2020-12-29,235685
United States,USA,2020-12-30,255223
United States,USA,2020-12-31,278776
United States,USA,2021-01-01,302329
United States,USA,2021-01-02,325882
United States,USA,2021-01-03,336949
United States,USA,2021-01-04,348017
United States,USA,2021-01-05,339372
United States,USA,2021-01-06,358887
United States,USA,2021-01-07,378253
United States,USA,2021-01-08,419933
United States,USA,2021-01-09,461263
United States,USA,2021-01-10,546636
United States,USA,2021-01-11,632009
United States,USA,2021-01-12,641524
United States,USA,2021-01-13,710238
United States,USA,2021-01-14,747082
United States,USA,2021-01-15,798707
United States,USA,2021-01-16,811670
United States,USA,2021-01-17,824632
United States,USA,2021-01-18,837595
United States,USA,2021-01-19,911493
United States,USA,2021-01-20,892403
United States,USA,2021-01-21,913912
United States,USA,2021-01-22,975540
United States,USA,2021-01-23,1057387
United States,USA,2021-01-24,1122182
United States,USA,2021-01-25,1126251
United States,USA,2021-01-26,1119058
United States,USA,2021-01-27,1161050
United States,USA,2021-01-28,1235330
United States,USA,2021-01-29,1253815
United States,USA,2021-01-30,1291416
United States,USA,2021-01-31,1324949
United States,USA,2021-02-01,1355451
United States,USA,2021-02-02,1319981
United States,USA,2021-02-03,1317946
United States,USA,2021-02-04,1287147
United States,USA,2021-02-05,1276364
United States,USA,2021-02-06,1351437
United States,USA,2021-02-07,1441091
United States,USA,2021-02-08,1456459
United States,USA,2021-02-09,1489333
United States,USA,2021-02-10,1555959
United States,USA,2021-02-11,1598080
United States,USA,2021-02-12,1655907
United States,USA,2021-02-13,1657703
United States,USA,2021-02-14,1667631
Utah,,2021-01-13,8811
Utah,,2021-01-14,10080
Utah,,2021-01-15,10995
Utah,,2021-01-16,10433
Utah,,2021-01-17,10096
Utah,,2021-01-18,9872
Utah,,2021-01-19,9711
Utah,,2021-01-20,11108
Utah,,2021-01-21,10599
Utah,,2021-01-22,10646
Utah,,2021-01-23,9396
Utah,,2021-01-24,8146
Utah,,2021-01-25,10650
Utah,,2021-01-26,9602
Utah,,2021-01-27,8288
Utah,,2021-01-28,7176
Utah,,2021-01-29,9771
Utah,,2021-01-30,11967
Utah,,2021-01-31,11967
Utah,,2021-02-01,13432
Utah,,2021-02-02,13460
Utah,,2021-02-03,12118
Utah,,2021-02-04,16237
Utah,,2021-02-05,15053
Utah,,2021-02-06,16255
Utah,,2021-02-07,16255
Utah,,2021-02-08,26228
Utah,,2021-02-09,26519
Utah,,2021-02-10,26519
Utah,,2021-02-11,22400
Utah,,2021-02-12,19110
Utah,,2021-02-13,15712
Utah,,2021-02-14,15712
Vermont,,2021-01-13,3814
Vermont,,2021-01-14,1907
Vermont,,2021-01-15,2238
Vermont,,2021-01-16,2185
Vermont,,2021-01-17,2154
Vermont,,2021-01-18,2133
Vermont,,2021-01-19,2118
Vermont,,2021-01-20,1606
Vermont,,2021-01-21,1895
Vermont,,2021-01-22,1997
Vermont,,2021-01-23,2133
Vermont,,2021-01-24,2192
Vermont,,2021-01-25,2153
Vermont,,2021-01-26,1976
Vermont,,2021-01-27,2080
Vermont,,2021-01-28,2291
Vermont,,2021-01-29,2184
Vermont,,2021-01-30,2050
Vermont,,2021-01-31,2187
Vermont,,2021-02-01,2686
Vermont,,2021-02-02,2801
Vermont,,2021-02-03,2763
Vermont,,2021-02-04,2618
Vermont,,2021-02-05,2617
Vermont,,2021-02-06,2745
Vermont,,2021-02-07,2857
Vermont,,2021-02-08,2557
Vermont,,2021-02-09,2717
Vermont,,2021-02-10,2735
Vermont,,2021-02-11,2816
Vermont,,2021-02-12,2855
Vermont,,2021-02-13,2818
Vermont,,2021-02-14,2801
Veterans Health,,2021-01-13,27623
Veterans Health,,2021-01-14,28972
Veterans Health,,2021-01-15,30339
Veterans Health,,2021-01-16,28907
Veterans Health,,2021-01-17,28047
Veterans Health,,2021-01-18,27474
Veterans Health,,2021-01-19,27065
Veterans Health,,2021-01-20,25456
Veterans Health,,2021-01-21,34652
Veterans Health,,2021-01-22,37413
Veterans Health,,2021-01-23,40173
Veterans Health,,2021-01-24,42465
Veterans Health,,2021-01-25,44454
Veterans Health,,2021-01-26,41020
Veterans Health,,2021-01-27,44791
Veterans Health,,2021-01-28,37870
Veterans Health,,2021-01-29,37405
Veterans Health,,2021-01-30,37816
Veterans Health,,2021-01-31,38290
Veterans Health,,2021-02-01,37224
Veterans Health,,2021-02-02,38574
Veterans Health,,2021-02-03,38266
Veterans Health,,2021-02-04,33404
Veterans Health,,2021-02-05,33788
Veterans Health,,2021-02-06,34643
Veterans Health,,2021-02-07,41146
Veterans Health,,2021-02-08,42230
Veterans Health,,2021-02-09,42169
Veterans Health,,2021-02-10,44123
Veterans Health,,2021-02-11,50169
Veterans Health,,2021-02-12,51618
Veterans Health,,2021-02-13,53122
Veterans Health,,2021-02-14,54361
Virgin Islands,,2021-01-13,315
Virgin Islands,,2021-01-14,272
Virgin Islands,,2021-01-15,250
Virgin Islands,,2021-01-16,219
Virgin Islands,,2021-01-17,201
Virgin Islands,,2021-01-18,188
Virgin Islands,,2021-01-19,179
Virgin Islands,,2021-01-20,175
Virgin Islands,,2021-01-21,189
Virgin Islands,,2021-01-22,206
Virgin Islands,,2021-01-23,228
Virgin Islands,,2021-01-24,214
Virgin Islands,,2021-01-25,199
Virgin Islands,,2021-01-26,230
Virgin Islands,,2021-01-27,251
Virgin Islands,,2021-01-28,268
Virgin Islands,,2021-01-29,312
Virgin Islands,,2021-01-30,373
Virgin Islands,,2021-01-31,376
Virgin Islands,,2021-02-01,388
Virgin Islands,,2021-02-02,423
Virgin Islands,,2021-02-03,459
Virgin Islands,,2021-02-04,513
Virgin Islands,,2021-02-05,518
Virgin Islands,,2021-02-06,500
Virgin Islands,,2021-02-07,496
Virgin Islands,,2021-02-08,488
Virgin Islands,,2021-02-09,479
Virgin Islands,,2021-02-10,476
Virgin Islands,,2021-02-11,422
Virgin Islands,,2021-02-12,401
Virgin Islands,,2021-02-13,388
Virgin Islands,,2021-02-14,402
Virginia,,2021-01-13,27229
Virginia,,2021-01-14,13614
Virginia,,2021-01-15,17876
Virginia,,2021-01-16,18573
Virginia,,2021-01-17,18991
Virginia,,2021-01-18,19270
Virginia,,2021-01-19,19470
Virginia,,2021-01-20,17933
Virginia,,2021-01-21,20608
Virginia,,2021-01-22,22459
Virginia,,2021-01-23,23485
Virginia,,2021-01-24,23729
Virginia,,2021-01-25,25249
Virginia,,2021-01-26,38276
Virginia,,2021-01-27,40808
Virginia,,2021-01-28,43758
Virginia,,2021-01-29,46189
Virginia,,2021-01-30,50946
Virginia,,2021-01-31,54508
Virginia,,2021-02-01,55407
Virginia,,2021-02-02,43769
Virginia,,2021-02-03,41989
Virginia,,2021-02-04,40095
Virginia,,2021-02-05,38440
Virginia,,2021-02-06,38094
Virginia,,2021-02-07,38593
Virginia,,2021-02-08,37831
Virginia,,2021-02-09,37197
Virginia,,2021-02-10,37771
Virginia,,2021-02-11,39162
Virginia,,2021-02-12,40141
Virginia,,2021-02-13,39675
Virginia,,2021-02-14,35980
Washington,,2021-01-13,12671
Washington,,2021-01-14,14836
Washington,,2021-01-15,15680
Washington,,2021-01-16,16672
Washington,,2021-01-17,17267
Washington,,2021-01-18,17664
Washington,,2021-01-19,17948
Washington,,2021-01-20,19790
Washington,,2021-01-21,21169
Washington,,2021-01-22,22933
Washington,,2021-01-23,24963
Washington,,2021-01-24,23926
Washington,,2021-01-25,26748
Washington,,2021-01-26,26630
Washington,,2021-01-27,26811
Washington,,2021-01-28,28245
Washington,,2021-01-29,29134
Washington,,2021-01-30,29565
Washington,,2021-01-31,33566
Washington,,2021-02-01,33117
Washington,,2021-02-02,33451
Washington,,2021-02-03,33073
Washington,,2021-02-04,32318
Washington,,2021-02-05,31553
Washington,,2021-02-06,31975
Washington,,2021-02-07,31539
Washington,,2021-02-08,31046
Washington,,2021-02-09,29919
Washington,,2021-02-10,34713
Washington,,2021-02-11,34669
Washington,,2021-02-12,36081
Washington,,2021-02-13,36287
Washington,,2021-02-14,37336
West Virginia,,2021-01-13,7379
West Virginia,,2021-01-14,7665
West Virginia,,2021-01-15,10292
West Virginia,,2021-01-16,8872
West Virginia,,2021-01-17,8020
West Virginia,,2021-01-18,7452
West Virginia,,2021-01-19,7047
West Virginia,,2021-01-20,6845
West Virginia,,2021-01-21,6984
West Virginia,,2021-01-22,6651
West Virginia,,2021-01-23,8004
West Virginia,,2021-01-24,8493
West Virginia,,2021-01-25,7992
West Virginia,,2021-01-26,8262
West Virginia,,2021-01-27,8044
West Virginia,,2021-01-28,8151
West Virginia,,2021-01-29,8457
West Virginia,,2021-01-30,8794
West Virginia,,2021-01-31,8127
West Virginia,,2021-02-01,8048
West Virginia,,2021-02-02,7673
West Virginia,,2021-02-03,7591
West Virginia,,2021-02-04,7450
West Virginia,,2021-02-05,7408
West Virginia,,2021-02-06,8353
West Virginia,,2021-02-07,8896
West Virginia,,2021-02-08,9009
West Virginia,,2021-02-09,9030
West Virginia,,2021-02-10,9216
West Virginia,,2021-02-11,9147
West Virginia,,2021-02-12,8515
West Virginia,,2021-02-13,8749
West Virginia,,2021-02-14,9220
Wisconsin,,2021-01-13,0
Wisconsin,,2021-01-14,6351
Wisconsin,,2021-01-15,10850
Wisconsin,,2021-01-16,10868
Wisconsin,,2021-01-17,10880
Wisconsin,,2021-01-18,10887
Wisconsin,,2021-01-19,10892
Wisconsin,,2021-01-20,12177
Wisconsin,,2021-01-21,12686
Wisconsin,,2021-01-22,13003
Wisconsin,,2021-01-23,14986
Wisconsin,,2021-01-24,16663
Wisconsin,,2021-01-25,16186
Wisconsin,,2021-01-26,14943
Wisconsin,,2021-01-27,16147
Wisconsin,,2021-01-28,17594
Wisconsin,,2021-01-29,20864
Wisconsin,,2021-01-30,23517
Wisconsin,,2021-01-31,26110
Wisconsin,,2021-02-01,28216
Wisconsin,,2021-02-02,29134
Wisconsin,,2021-02-03,30379
Wisconsin,,2021-02-04,26714
Wisconsin,,2021-02-05,26898
Wisconsin,,2021-02-06,26856
Wisconsin,,2021-02-07,35924
Wisconsin,,2021-02-08,35695
Wisconsin,,2021-02-09,35326
Wisconsin,,2021-02-10,35504
Wisconsin,,2021-02-11,39623
Wisconsin,,2021-02-12,38475
Wisconsin,,2021-02-13,39698
Wisconsin,,2021-02-14,30412
Wyoming,,2021-01-13,1327
Wyoming,,2021-01-14,1654
Wyoming,,2021-01-15,2093
Wyoming,,2021-01-16,1902
Wyoming,,2021-01-17,1787
Wyoming,,2021-01-18,1710
Wyoming,,2021-01-19,1656
Wyoming,,2021-01-20,1645
Wyoming,,2021-01-21,1362
Wyoming,,2021-01-22,1686
Wyoming,,2021-01-23,1927
Wyoming,,2021-01-24,2200
Wyoming,,2021-01-25,2061
Wyoming,,2021-01-26,1897
Wyoming,,2021-01-27,2017
Wyoming,,2021-01-28,2017
Wyoming,,2021-01-29,2088
Wyoming,,2021-01-30,1658
Wyoming,,2021-01-31,2317
Wyoming,,2021-02-01,2509
Wyoming,,2021-02-02,2526
Wyoming,,2021-02-03,2479
Wyoming,,2021-02-04,2479
Wyoming,,2021-02-05,2607
Wyoming,,2021-02-06,3242
Wyoming,,2021-02-07,2119
Wyoming,,2021-02-08,2534
Wyoming,,2021-02-09,2491
Wyoming,,2021-02-10,2677
Wyoming,,2021-02-11,2677
Wyoming,,2021-02-12,3103
Wyoming,,2021-02-13,2469
Wyoming,,2021-02-14,3892