ID,Country,Province/State,Study Pop Size (N),Positive/negative cases,Mean Age,% Male,% White or European,% African American,% Asian,% Hispanic or Latino,% Multiple ethnicities or other,Smoking history,"Hypertension,Diabetes", Cardiovascular Disease (incl. CAD),Chronic obstructive lung (COPD),Cancer (Any),Liver Disease (any),Cerebrovascular Disease,"Chronic kidney/renal disease,Other",Fever (temperature ≥37·3°C),Respiratory rate > 24 breaths per min,Cough,Shortness of Breath (dyspnoea),"Headache,Sputum (/Expectoration)",Myalgia (Muscle Pain),Fatigue,Upper air-way congestion,Diarrhoea,Nausea or Vomiting,Loss of Appetite/Anorexia, Sore Throat/Stuffy Nose,Chills,Chest Pain,Loss of smell/taste,Disease Severity Asymptomatic,Mortality
1.0,China,Wuhan,191,Positive only,,62.30%,0%,0%,100%,0%,0%,5.76%,,,3.00%,1.68%,,,,94%,29.00%,79%,,,15.00%,23.03%,,4.71%,4.00%,,,,,,,0.28
1.0,China,Wuhan,54,Positive only,,70.37%,0%,0%,100%,0%,0%,9.26%,,,7.41%,0.00%,,,,94.44%,62.96%,72.22%,,,14.81%,27.78%,,3.70%,5.56%,,,,,,,1
1.0,China,Wuhan,137,Positive only,,59.12%,0%,0%,100%,0%,0%,4.38%,,,1.46%,7.00%,,,,94.16%,16.06%,81.75%,,,15.33%,21.17%,,5.11%,2.92%,,,,,,,0
2.0,China,Wuhan,199,Positive only,,60.30%,0%,0%,100%,0%,0%,,,,,3.00%,,6.50%,,91.50%,18.80%,,,,,,,2.06%,4.25%,1%,,,,,,0.16
2.0,China,Wuhan,99,Positive only,,61.60%,0%,0%,100%,0%,0%,,,,,5.10%,,5.10%,,89.90%,21.60%,,,,,,,4.20%,9.50%,2.10%,,,,,,0.15
2.0,China,Wuhan,100,Positive only,,59.00%,0%,0%,100%,0%,0%,,,,,1.00%,,8.00%,,93.00%,16.00%,,,,,,,0%,0%,0%,,,,,,0.17
3.0,China,Wuhan,81,Positive only,49.5,52%,0%,0%,100%,0%,0%,,,,11%,5%,9%,7%,,73%,,59%,42%,,9%,9%,,4%,5%,1%,,,,,18.51%,0.04
3.0,China,Wuhan,15,Positive only,44.9,27.00%,0%,0%,100%,0%,0%,,,,7%,7%,0%,7%,,0.00%,,0.00%,0.00%,,0.00%,0%,,0%,0.00%,0%,,,,,100%,0
3.0,China,Wuhan,21,Positive only,48.8,52.00%,0%,0%,100%,0%,0%,,,,14%,5%,10%,5%,,86.00%,,71.00%,43.00%,,5.00%,9%,,5.00%,10.00%,5%,,,,,0%,0
3.0,China,Wuhan,30,Positive only,52.3,67.00%,0%,0%,100%,0%,0%,,,,10%,7%,10%,10%,,90.00%,,70.00%,43.00%,,13.00%,5%,,3.00%,7.00%,0%,,,,,0%,0.07
3.0,China,Wuhan,15,Positive only,49.5,47.00%,0%,0%,100%,0%,0%,,,,13%,0%,13%,7%,,93.00%,,80.00%,80.00%,,13.00%,13%,,7.00%,0.00%,0%,,,,,0%,0.07
4.0,China,Zhejiang,149,Positive only,45.11,54.40%,0%,0%,100%,0%,0%,,,,,1.34%,,18.79%,,76.50%,,58.40%,1.34%,,3.36%,,,7.38%,1.34%,,,14.09%,,,,0
5.0,China,Wuhan,21,Positive only,40.0,29.00%,0%,0%,100%,0%,0%,,,,,,,,,86%,,57%,,,24%,52%,,,,43%,,29%,,,,0
6.0,China,Beijing,77,Positive only,52.0,44.16%,0%,0%,100%,0%,0%,,,,7.79%,5.20%,,2.60%,,85.70%,,63.64%,20.80%,,27.30%,27.30%,,1.30%,7.79%,9.10%,,,,,0.00%,0.06
6.0,China,Beijing,57,Positive only,45.0,40.40%,0%,0%,100%,0%,0%,,,,5.30%,5.30%,,1.80%,,82.50%,,57.90%,14%,,33.30%,33.30%,,1.80%,5.30%,7%,,,,,0%,0
6.0,China,Beijing,20,Positive only,69.0,55.00%,0%,0%,100%,0%,0%,,,,15.00%,5%,,5%,,95%,,80.00%,40%,,10.00%,10.00%,,0.00%,15.00%,15%,,,,,0%,0.25
7.0,China,Wuhan,36,Positive only,69.4,83.30%,0%,0%,100%,0%,0%,,,,19.40%,5.60%,,5.6,,,,,100%,,,,,,,,,,,,,0.64
7.0,China,Wuhan,22,Positive only,67.5,86.40%,0%,0%,100%,0%,0%,,,,18.20%,9.10%,,0.00%,,,,,100%,,,,,,,,,,,,,0.55
7.0,China,Wuhan,14,Positive only,72.6,78.60%,0%,0%,100%,0%,0%,,,,21.40%,0.00%,,14.30%,,,,,100%,,,,,,,,,,,,,0.79
8.0,Italy,Nationwide,3200,Positive only,80.0,70.60%,100%,0%,0%,0%,0%,,,,13.70%,19.50%,3.70%,,,76.00%,,40%,73.00%,,,,,8.00%,,,,,,,0.00%,1
9.0,China,Zhejiang,91,Positive only,,40.66%,0%,0%,100%,0%,0%,,,,,,,,,71.43%,,60.44%,3.30%,,5.49%,43.96%,,23.08%,6.59%,25.27%,,,,,,0
10.0,China,Seven hospitals,62,Positive only,41.0,56.50%,0.00%,0.00%,100.00%,0.00%,0.00%,,,,1.60%,,11.30%,1.60%,,77.00%,3%,81%,3%,,52%,52%,,8%,,,,,,,,0
10.0,China,Seven hospitals,33,Positive only,45.0,57.60%,0.00%,0.00%,100.00%,0.00%,0.00%,,,,3.00%,,12.10%,3.00%,,73.00%,3%,82%,6%,,58%,58%,,9%,,,,,,,,0
10.0,China,Seven hospitals,29,Positive only,39.0,55.20%,0.00%,0.00%,100.00%,0.00%,0.00%,,,,0.00%,,10.30%,0.00%,,83.00%,3%,79%,0%,,45%,45%,,0%,,,,,,,,0
12.0,China,Jiangsu,620,Positive only,44.48,52.60%,0%,0%,100%,0%,0%,4.03%,,,,1.10%,0.50%,,,65.97%,,55.32%,2.58%,,,,,8.56%,,1.90%,,,,,15.65%,0
12.0,China,Jiangsu,97,Positive only,35.96,45.40%,0%,0%,100%,0%,0%,6.20%,,,,0.00%,0%,,,23.70%,,29.90%,1.00%,,,,,4.10%,,1.00%,,,,,100.00%,0
12.0,China,Jiangsu,470,Positive only,44.47,52.60%,0%,0%,100%,0%,0%,4.00%,,,,1.30%,0.40%,,,72.60%,,58.90%,2.70%,,,,,9.20%,,2.30%,,,,,0.00%,0
12.0,China,Jiangsu,53,Positive only,60.09,66.00%,0%,0%,100%,0%,0%,0.00%,,,,1.90%,1.90%,,,84.90%,,69.80%,11.30%,,,,,11.30%,,0%,,,,,0.00%,0
13.0,China,Nationwide,1099,Positive only,,58.10%,0%,0%,100%,0%,0%,12.60%,,,1.10%,0.90%,,1.40%,,88.70%,,67.80%,18.70%,,14.90%,38.10%,4.80%,3.80%,5%,,,11.50%,,,,0.01
13.0,China,Nationwide,926,Positive only,,58.20%,0%,0%,100%,0%,0%,11.80%,,,0.60%,0.80%,,1.20%,,88.10%,,67.30%,15.10%,,14.50%,37.80%,5.10%,3.50%,4.60%,,,10.80%,,,,0
13.0,China,Nationwide,173,Positive only,,57.80%,0%,0%,100%,0%,0%,16.90%,,,3.50%,1.70%,,2.30%,,92%,,70.50%,37.60%,,17.30%,39.90%,3.50%,5.80%,6.90%,,,15%,,,,0.08
13.0,China,Nationwide,67,Positive and Negative/Unconfirmed,,67.20%,0%,0%,100%,0%,0%,25.80%,,,10.40%,1.50%,,6.00%,,88.10%,,68.70%,53.70%,,9.00%,32.80%,3.00%,6.00%,4.50%,,,11.90%,,,,0.22
13.0,China,Nationwide,1032,Positive and Negative/Unconfirmed,,57.50%,0%,0%,100%,0%,0%,11.80%,,,0.50%,0.90%,,1.10%,,88.80%,,67.70%,16.40%,,15.30%,38.50%,4.90%,3.70%,5.00%,,,11.40%,,,,0
16.0,China,Wuhan,41,Positive only,,73%,0%,0%,100%,0%,0%,7%,,,2%,2%,2%,,,98%,29%,76%,55%,,44%,44%,,3%,,,,,,,,0.15
16.0,China,Wuhan,13,Positive only,,85%,0%,0%,100%,0%,0%,0%,,,8%,0%,0%,,,100%,62%,85%,92%,,54%,54%,,0%,,,,,,,,0.38
16.0,China,Wuhan,28,Positive only,,68%,0%,0%,100%,0%,0%,11%,,,0%,4%,4%,,,96%,14%,71%,37%,,39%,39%,,4%,,,,,,,,0.04
17.0,China,Wuhan,99,Positive only,55.5,68%,0%,0%,100%,0%,0%,,,,1%,1%,,,,83%,,82%,31%,,11%,,,2%,1%,,,,,,,0.11
19.0,China,Wuhan,138,Positive only,56.0,54.30%,0%,0%,100%,0%,0%,,,,2.90%,7.20%,2.90%,5.10%,,98.60%,,59.40%,31.20%,,34.80%,69.60%,,10.10%,10.10%,39.90%,,,,,0%,0.04
19.0,China,Wuhan,36,Positive only,66.0,61.10%,0%,0%,100%,0%,0%,,,,8.30%,11.10%,0.00%,16.70%,,100.00%,,58.30%,63.90%,,33.30%,80.60%,,16.70%,11.10%,66.70%,,,,,0%,0.17
19.0,China,Wuhan,102,Positive only,51.0,52%,0%,0%,100%,0%,0%,,,,1%,5.90%,4%,1%,,98.00%,,59.80%,19.60%,,35.30%,65.70%,,7.80%,9.80%,30.40%,,,,,0%,0
20.0,China,Beijing,13,Positive only,,77%,0%,0%,100%,0%,0%,,,,,,,,,92.31%,,46.30%,,,23.10%,,61.50%,7.70%,,,,,,,,0
22.0,China,Northeast Chongqing,135,Positive only,,53.40%,0%,0%,100%,0%,0%,6.70%,,,0%,3%,1.50%,,,88.90%,,76.50%,13.30%,,32.50%,32.50%,,13.30%,3%,,,,,,,0.01
22.0,China,Northeast Chongqing,95,Positive only,,54.70%,0%,0%,100%,0%,0%,8.40%,,,0%,1%,1%,,,90.10%,,70.50%,9.50%,,26.30%,26.30%,,5.30%,4.20%,,,,,,,0
22.0,China,Northeast Chongqing,40,Positive only,,52.50%,0%,0%,100%,0%,0%,2.50%,,,10%,7.50%,2.50%,,,85.00%,,87.50%,18.90%,,47.50%,47.50%,,32.50%,0%,,,,,,,0.03
23.0,China,Wuhan,17,Positive only,45.1,53%,0%,0%,100%,0%,0%,18%,,,0%,0%,,,,71%,,77%,,,24%,47%,,12%,,,,,,,,0
23.0,China,Wuhan,5,Positive only,34.8,80%,0%,0%,100%,0%,0%,40%,,,0%,0%,,,,80%,,60%,,,60%,60%,,0%,,,,,,,,0
23.0,China,Wuhan,12,Positive only,49.4,41.70%,0%,0%,100%,0%,0%,8.30%,,,0%,0%,,,,66.70%,,83.30%,,,16.70%,41.70%,,16.70%,,,,,,,,0
24.0,China,Wuhan,48,Positive and Negative/Unconfirmed,70.58,68.70%,0%,0%,100%,0%,0%,,,,,,,,,70.80%,,,,,,,,,,,,,,,,0.35
24.0,China,Wuhan,17,Positive only,78.61,70.60%,0%,0%,100%,0%,0%,,,,,,,,,70.60%,,,,,,,,,,,,,,,,1
24.0,China,Wuhan,31,Positive and Negative/Unconfirmed,66.16,67.70%,0%,0%,100%,0%,0%,,,,,,,,,71.00%,,,,,,,,,,,,,,,,0
25.0,USA,Washington,21,Positive only,70.0,52%,,,,,,,,,33.30%,,,,,52%,,48%,76%,,,,,,,,,,,,,0.67
26.0,Singapore,Singapore,18,Positive only,,50%,0%,0%,100%,0%,0%,,,,,,,,,72%,,83%,11%,,,,,17.00%,22.20%,,,,,,,0
26.0,Singapore,Singapore,12,Positive only,,58%,0%,0%,100%,0%,0%,,,,,,,,,58%,,83%,8%,,,,,25.00%,,,,,,,,0
26.0,Singapore,Singapore,6,Positive only,,33%,0%,0%,100%,0%,0%,,,,,,,,,100%,,83%,17%,,,,,0.00%,,,,,,,,0
27.0,Italy,Nationwide,355,Positive only,79.5,70%,100%,0%,0%,0%,0%,,,,24.50%,20.30%,,,,,,,,,,,,,,,,,,,0%,1
28.0,China,Wuhan,201,Positive only,,63.70%,0%,0%,100%,0%,0%,,,,2.50%,0.50%,4%,,,93.50%,,81.10%,,,32.30%,32.30%,,,,,,,,,,0.22
28.0,China,Wuhan,84,Positive only,,71.40%,0%,0%,100%,0%,0%,,,,,,,,,92.90%,,81%,,,32.10%,32.10%,,,,,,,,,,0.52
28.0,China,Wuhan,117,Positive only,,58.10%,0%,0%,100%,0%,0%,,,,,,,,,94.00%,,82.20%,,,32.50%,32.50%,,,,,,,,,,0
32.0,China,Beijing,262,Positive only,,48.50%,0%,0%,100%,0%,0%,,,,,,,,,82.10%,,45.80%,6.90%,,,26.30%,,,,,,,,,,0.01
32.0,China,Beijing,46,Positive only,,56.50%,0%,0%,100%,0%,0%,,,,,,,,,80.40%,,54.30%,32.60%,,,32.60%,,,,,,,,,,0.07
32.0,China,Beijing,216,Positive only,,46.80%,0%,0%,100%,0%,0%,,,,,,,,,82.40%,,44.00%,1.40%,,,25.00%,,,,,,,,,,0
35.0,China,Anhui,6,Positive only,29.2,50%,0%,0%,100%,0%,0%,,,,,,,,,83%,,67%,,,,67%,,,,0,,,,,,0
35.0,China,Anhui,43,Positive only,33.4,65%,0%,0%,100%,0%,0%,,,,,,,,,93%,,84%,,,,72%,,,,19%,,,,,,0
35.0,China,Anhui,21,Positive only,44.2,48%,0%,0%,100%,0%,0%,,,,,,,,,95%,,86%,,,,81%,,,,43%,,,,,,0
35.0,China,Anhui,3,Positive only,63.0,0%,0%,0%,100%,0%,0%,,,,,,,,,100%,,67%,,,,100%,,,,100%,,,,,,0
37.0,China,Beijing,9,Positive only,,78%,0%,0%,100%,0%,0%,,,,,,,,,67%,,33%,,,0%,,,,,,,,,,,0
37.0,China,Beijing,28,Positive only,,54%,0%,0%,100%,0%,0%,,,,,,,,,96%,,39%,,,14%,,,,,,,,,,,0
37.0,China,Beijing,10,Positive only,,70%,0%,0%,100%,0%,0%,,,,,,,,,80%,,40%,,,30%,,,,,,,,,,,0
37.0,China,Beijing,3,Positive only,,0%,0%,0%,100%,0%,0%,,,,,,,,,67%,,67%,,,33%,,,,,,,,,,,0
38.0,China,Shanghai,249,Positive only,51.0,50.60%,0%,0%,100%,0%,0%,,,,,0.40%,,,,87.10%,,36.50%,7.60%,,,15.70%,,3.20%,,3.20%,,,,,2.80%,0.01
40.0,China,Changzhou,15,Positive only,,66.70%,0%,0%,100%,0%,0%,,,,0%,,0%,,,73.30%,,33.30%,13.30%,,26.70%,6.70%,,13.30%,,,,,,,,0
40.0,China,Changzhou,17,Positive only,,41.20%,0%,0%,100%,0%,0%,,,,0%,,0.00%,,,58.80%,,52.90%,5.90%,,11.80%,0%,,5.90%,,,,,,,,0
40.0,China,Changzhou,19,Positive only,,42.10%,0%,0%,100%,0%,0%,,,,5.30%,,5%,,,68.40%,,47.40%,5.30%,,10.50%,10.50%,,10.50%,,,,,,,,0
42.0,China,Shandong,537,Positive only,,55.70%,0%,0%,100%,0%,0%,,,,,,,,,87.90%,,35.90%,,,,8.00%,,,,,,,,,,0
44.0,China,Hubei,463,Positive only,,52.70%,0%,0%,100%,0%,0%,,,,,,,,,89.63%,,77.06%,41.90%,,,28.08%,,,,,,,,,,0
44.0,China,Hubei,282,Positive only,,51.42%,0%,0%,100%,0%,0%,,,,,,,,,86.88%,,74.82%,39.72%,,,28.72%,,,,,,,,,,0
44.0,China,Hubei,181,Positive only,,54.70%,0%,0%,100%,0%,0%,,,,,,,,,93.92%,,80.11%,45.30%,,,27.07%,,,,,,,,,,0
47.0,China,Chongqing,223,Positive only,46.5,47.10%,0%,0%,100%,0%,0%,15.70%,,,0.40%,,,,,53.40%,3.10%,50.70%,6.70%,,5.40%,5.40%,,5.40%,,,,,,,,0
47.0,China,Chongqing,192,Positive only,44.9,45.30%,0%,0%,100%,0%,0%,15.60%,,,0.50%,,,,,47.90%,1.00%,49.50%,0,,5.20%,5.20%,,6.30%,,,,,,,,0
47.0,China,Chongqing,31,Positive only,56.4,58.10%,0%,0%,100%,0%,0%,16.10%,,,0,,,,,87.10%,16.10%,58.10%,48.40%,,6.50%,6.50%,,0,,,,,,,,0
50.0,China,,308,Positive only,52.95,47.81%,0%,0%,100%,0%,0%,,,,,,,,,82.00%,,95.00%,,,,67.90%,,10.00%,,,,,,,,0.05
53.0,China,Guangdong,37,Positive only,54.65,48.60%,0%,0%,100%,0%,0%,,,,,,,,,56.70%,,45.90%,,,,0.189,,,,,,,,,,0
54.0,China,Various,9,Positive only,0.56,22%,0%,0%,100%,0%,0%,,,,,,,,,44%,,22%,,,,,,,,,,,,,,0
58.0,China,Shanghai,148,Positive only,,49.30%,0%,0%,100%,0%,0%,,,,,,,,,70.30%,,45.30%,,,,,,4.10%,2%,,,,,,,0.01
59.0,China,Wuhan,82,Positive only,,65.90%,0%,0%,100%,0%,0%,,,,14.60%,7.30%,2.40%,12.20%,,78%,,64.60%,63.40%,,,46.30%,,12.20%,2.30%,,,,,,,1
60.0,China,Jiangxi,11,Positive only,,36.40%,0%,0%,100%,0%,0%,,,,,,,,,36.40%,,36.40%,63.60%,,,,,,,,,,,,,0
60.0,China,Jiangxi,2,Positive only,,50.00%,0%,0%,100%,0%,0%,,,,,,,,,0.00%,,50.00%,50.00%,,,,,,,,,,,,,0
60.0,China,Jiangxi,9,Positive only,,33.30%,0%,0%,100%,0%,0%,,,,,,,,,44.40%,,33.30%,66.60%,,,,,,,,,,,,,0
61.0,China,Two provinces,62,Positive only,,51.60%,0%,0%,100%,0%,0%,24.80%,,,3%,1%,3%,1%,,79%,,59.70%,4.80%,,24.20%,24.20%,4.80%,11.30%,,,,,,,4.80%,0
63.0,China,Wuhan,403,Positive only,56.0,47.90%,0%,0%,100%,0%,0%,7.20%,,,6.90%,,,9.70%,,79.20%,,10.20%,2%,,0.50%,3.50%,,1.00%,0.50%,,,,,,,0.25
63.0,China,Wuhan,100,Positive only,71.0,57%,0%,0%,100%,0%,0%,9%,,,17%,,,22%,,87%,,4%,2%,,0%,2%,,1.00%,0%,,,,,,,1
63.0,China,Wuhan,303,Positive only,49.0,44.90%,0%,0%,100%,0%,0%,6.60%,,,3.60%,,,5.60%,,76.60%,,12.20%,2%,,0.70%,4%,,1.00%,0.70%,,,,,,,0
64.0,China,Qingdao/Wuhan,74,Positive only,6.0,59.46%,0%,0%,100%,0%,0%,0%,,,,,,,,27.03%,,32.43%,2.70%,,0%,6.76%,,4.05%,,4.05%,,,,,40.54%,0
67.0,China,Wuhan,82,Positive only,3.39,62.20%,0%,0%,100%,0%,0%,0%,,,,,,,,62.19%,,62.19%,2.44%,,,,,,,,,,,,9.76%,0
69.0,China,Shenzhen,6,Positive only,46.17,50%,0%,0%,100%,0%,0%,,,,0%,16.67%,,,,83.33%,,83.33%,,,50%,50%,16.67%,33.33%,,,,,,,,0
69.0,China,Shenzhen,1,Positive only,65.0,0%,0%,0%,100%,0%,0%,,,,0%,100%,,,,100%,,100.00%,,,100%,100%,0%,0%,,,,,,,,0
69.0,China,Shenzhen,1,Positive only,66.0,100%,0%,0%,100%,0%,0%,,,,0%,0%,,,,100%,,100.00%,,,100%,100%,0%,0%,,,,,,,,0
69.0,China,Shenzhen,1,Positive only,37.0,0%,0%,0%,100%,0%,0%,,,,0%,0%,,,,100%,,100.00%,,,0%,0%,100%,100%,,,,,,,,0
69.0,China,Shenzhen,1,Positive only,36.0,100%,0%,0%,100%,0%,0%,,,,0%,0%,,,,100%,,100%,,,0%,0%,0%,100%,,,,,,,,0
69.0,China,Shenzhen,1,Positive only,10.0,100%,0%,0%,100%,0%,0%,,,,0%,0%,,,,0%,,0%,,,0%,0%,0%,0%,,,,,,,,0
69.0,China,Shenzhen,1,Positive only,63.0,0%,0%,0%,100%,0%,0%,,,,,0%,,,,100%,,100%,,,100%,100%,0%,0%,,,,,,,,0
70.0,China,Wuhan,101,Positive only,,59.41%,0%,0%,100%,0%,0%,,,,13.86%,7%,18%,12.87%,,81.19%,,55.45%,58.42%,,6%,35.64%,,10%,3%,,,,,,0%,1
70.0,China,Wuhan,48,Positive only,,58%,0%,0%,100%,0%,0%,,,,8%,6%,19%,8%,,79%,,48%,58%,,2%,40%,,8%,2%,,,,,,0%,1
70.0,China,Wuhan,53,Positive only,,60%,0%,0%,100%,0%,0%,,,,19%,8%,17%,17%,,83%,,62%,58%,,9%,32%,,11%,8%,,,,,,0%,1
71.0,China,Wuhan,55,Positive only,70.7,67%,0%,0%,100%,0%,0%,,,,22%,7%,6%,22%,,96%,,62%,96%,,93%,93%,,4%,4%,,,,,,0%,1
73.0,China,Wuhan,36,Positive only,69.22,69.44%,0%,0%,100%,0%,0%,11.11%,,,11.11%,2.78%,,22.22%,,94.44%,,77.78%,58.33%,,2.78%,47.22%,,8.33%,,,,,,,,1
74.0,Chile,Chile,922,Positive only,,49%,0%,0%,0%,100%,0%,,,,,,,,,9%,,52%,57%,,4%,,,,47%,,,,,,,0
75.0,USA,Nationwide,12,Positive only,,67%,,,,,,8.33%,,,8.33%,0.00%,8%,,,58.33%,,66.67%,8.33%,,,41.67%,,8.33%,,,,8.33%,,,0%,0
75.0,USA,Nationwide,7,Positive only,,71.40%,,,,,,14.28%,,,14.28%,0%,,,,85.27%,,85.71%,14.28%,,,28.57%,,14.28%,,,,,,,0%,0
77.0,China,Wuhan,109,Positive only,,54.10%,0%,0%,100%,0%,0%,,,,3.70%,,,5.50%,,82.60%,,61.50%,,,,56.90%,,11%,,,,,,,0%,0.28
77.0,China,Wuhan,56,Positive only,,55.40%,0%,0%,100%,0%,0%,,,,3.60%,,,0.00%,,85.70%,,64.30%,,,,46.40%,,10.70%,,,,,,,0%,0.09
77.0,China,Wuhan,53,Positive only,,52.80%,0%,0%,100%,0%,0%,,,,3.80%,,,11.30%,,79.20%,,58.50%,,,,67.90%,,11.30%,,,,,,,0%,0.49
78.0,China,Nanjing,24,Positive only,,33.30%,0%,0%,100%,0%,0%,4.20%,,,0%,0%,,4.20%,,20.80%,,8.30%,,,,8.30%,4.20%,,,,,,,,,0
78.0,China,Nanjing,5,Positive only,,0%,0%,0%,100%,0%,0%,0%,,,0%,0%,,0%,,100%,,40%,,,,40%,20%,,,,,,,,,0
78.0,China,Nanjing,19,Positive only,,42.10%,0%,0%,100%,0%,0%,5.30%,,,0%,0%,,5.30%,,0%,,0%,,,,0%,0%,,,,,,,,,0
80.0,China,Chongqing,51,Positive only,,62.70%,0%,0%,100%,0%,0%,,,,,,,,,84.30%,,74.50%,21.60%,,11.80%,43.10%,,7.80%,5.90%,,,,,,,0.02
80.0,China,Chongqing,44,Positive only,,63.70%,0%,0%,100%,0%,0%,,,,,,,,,84.10%,,72.70%,11.40%,,11.40%,36.40%,,9.10%,6.80%,,,,,,,0
80.0,China,Chongqing,7,Positive only,,57.10%,0%,0%,100%,0%,0%,,,,,,,,,85.70%,,85.70%,85.70%,,14.30%,85.70%,,0%,0%,,,,,,,0.14
81.0,China,Wuhan,110,Positive only,,43.63%,0%,0%,100%,0%,0%,23.63%,,,5.46%,,,6.36%,,81.82%,,61.82%,32.73%,,,37.28%,,,,,,,,,0%,0
81.0,China,Wuhan,38,Positive only,,63.16%,0%,0%,100%,0%,0%,23.68%,,,10.53%,,,7.89%,,86.84%,,55.26%,39.47%,,,26.32%,,,,,,,,,0%,0
81.0,China,Wuhan,72,Positive only,,33.33%,0%,0%,100%,0%,0%,23.61%,,,2.78%,,,5.56%,,79.17%,,65.28%,29.17%,,,43.06%,,,,,,,,,0%,0
82.0,China,Chongqing,46,Positive only,,52.20%,0%,0%,100%,0%,0%,10.90%,,,,,,,,69.10%,,81%,2.40%,,7.10%,19.10%,7.10%,4.80%,2.40%,9.50%,,,7.10%,,8.70%,0
82.0,China,Chongqing,14,Positive only,,50%,0%,0%,100%,0%,0%,7.10%,,,,,,,,58.30%,,91.70%,0%,,8.30%,16.70%,16.70%,16.70%,0%,0%,,,8.30%,,14.30%,0
82.0,China,Chongqing,32,Positive only,,53.10%,0%,0%,100%,0%,0%,12.50%,,,,,,,,73.30%,,76.70%,6.70%,,6.70%,20%,3.30%,0%,3.30%,13.30%,,,6.70%,,6.30%,0
83.0,China,,64,Positive only,,36%,0%,0%,100%,0%,0%,2%,,,,,,,,67%,,47%,16%,,22%,34%,,5%,,6%,,5%,3%,,,0
83.0,China,,37,Positive only,,46%,0%,0%,100%,0%,0%,3%,,,,,,,,68%,,46%,19%,,22%,38%,,3%,,5%,,3%,5%,,,0
83.0,China,,25,Positive only,,24%,0%,0%,100%,0%,0%,0%,,,,,,,,68%,,52%,12%,,20%,24%,,8%,,8%,,8%,0%,,,0
84.0,China,Wuhan,48,Positive only,39.08,27.10%,0%,0%,100%,0%,0%,,,,,,,,,58.30%,,33.30%,2.10%,,10.40%,12.50%,,8.30%,,4.20%,,,,,,0
84.0,China,Wuhan,42,Positive only,36.93,23.80%,0%,0%,100%,0%,0%,,,,,,,,,52.40%,,31%,2.40%,,11.90%,11.90%,,9.50%,,4.80%,,,,,,0
84.0,China,Wuhan,6,Positive only,54.0,50%,0%,0%,100%,0%,0%,,,,,,,,,100%,,50%,0%,,0%,16.70%,,0%,,0%,,,,,,0
85.0,China,Wuhan,104,Positive only,43.0,47.12%,0%,0%,100%,0%,0%,3.85%,,,0.96%,,,,,63.46%,,75.96%,14.42%,,19.23%,31.73%,,1.92%,,,,,,,,0.01
85.0,China,Wuhan,48,Positive only,40.0,45.83%,0%,0%,100%,0%,0%,2.08%,,,0%,,,,,75%,,75%,18.75%,,27.08%,33.33%,,0%,,,,,,,,0
85.0,China,Wuhan,56,Positive only,44.0,48.21%,0%,0%,100%,0%,0%,5.36%,,,1.79%,,,,,53.57%,,76.79%,10.71%,,12.50%,30.36%,,3.57%,,,,,,,,0.02
86.0,Scotland,,1,Positive only,51.0,100%,100%,0%,0%,0%,0%,0%,,,0%,0%,0%,0%,,100%,,100%,0%,,100%,100%,,0%,0%,0%,,0%,,,0%,0
87.0,UK,England,2,Positive only,36.5,50%,100%,0%,0%,0%,0%,,,,0%,0%,,,,50%,,50%,0%,,50%,0%,0%,0%,0%,0%,,0%,,,0%,0
87.0,UK,England,1,Positive only,50.0,0%,100%,0%,0%,0%,0%,,,,0%,0%,,,,100%,,100%,0%,,0%,0%,0%,0%,0%,0%,,0%,,,0%,0
87.0,UK,England,1,Positive only,23.0,100%,100%,0%,0%,0%,0%,,,,0%,0%,,,,0%,,0%,0%,,100%,0%,0%,0%,0%,0%,,0%,,,0%,0
88.0,USA,Illinois,2,Positive only,,50%,,,,,,,,,50%,,,,,100%,,100%,,,,100%,,,100%,,,,50%,,,0
88.0,USA,Illinois,1,Positive only,,0%,,,,,,,,,0%,,,,,100%,,100%,,,,100%,,,100%,,,,100%,,,0
88.0,USA,Illinois,1,Positive only,,100%,,,,,,,,,100%,,,,,100%,,100%,,,,100%,,,100%,,,,0%,,,0
90.0,Australia,Nationwide,295,Positive only,47.0,50%,,,,,,,,,,,,,,36.60%,,28.50%,18.60%,,7.50%,,,16.30%,11.50%,,,,3.10%,,,0.01
91.0,China,Zhejiang,651,Positive only,45.20935484,50.84%,0%,0%,100%,0%,0%,6.32%,,,0.15%,0.92%,3.84%,,,83.72%,,66.82%,4.15%,,,18.28%,,44.32%,44.32%,,,,,,,0
91.0,China,Zhejiang,74,Positive only,46.14,50%,0%,0%,100%,0%,0%,4.23%,,,0%,0%,11%,,,85.14%,,71.62%,10.81%,,,31.08%,,0%,0%,,,,,,,0
91.0,China,Zhejiang,577,Positive only,45.09,50.95%,0%,0%,100%,0%,0%,6.59%,,,0.17%,1.04%,2.95%,,,83.54%,,66.20%,3.30%,,,16.64%,,50%,50%,,,,,,,0
92.0,China,Hunan,10,Positive only,,80%,0%,0%,100%,0%,0%,,,,,,,,,90%,,60%,60%,,,10%,,30%,10%,,,,10%,,,0.1
93.0,China,Shenzhen,5,Positive only,59.0,60%,0%,0%,100%,0%,0%,0%,,,0%,0%,0%,0%,,100%,,,,,,,,,,,,,,,,0
93.0,China,Shenzhen,1,Positive only,75.0,100%,0%,0%,100%,0%,0%,0%,,,0%,0%,0%,0%,,100%,,,,,,,,,,,,,,,,0
93.0,China,Shenzhen,1,Positive only,65.0,100.00%,0%,0%,100%,0%,0%,0%,,,0%,0%,0%,0%,,100.00%,,,,,,,,,,,,,,,,0
93.0,China,Shenzhen,1,Positive only,55.0,0.00%,0%,0%,100%,0%,0%,0%,,,0%,0%,0%,0%,,100.00%,,,,,,,,,,,,,,,,0
93.0,China,Shenzhen,1,Positive only,35.0,0.00%,0%,0%,100%,0%,0%,0%,,,0%,0%,0%,0%,,100.00%,,,,,,,,,,,,,,,,0
93.0,China,Shenzhen,1,Positive only,65.0,100.00%,0%,0%,100%,0%,0%,0%,,,0%,0%,0%,0%,,100.00%,,,,,,,,,,,,,,,,0
94.0,Netherlands,Nationwide,86,Positive only,,17.40%,100%,0%,0%,0%,0%,,,,,,,,,53.50%,,75.60%,38.40%,,64%,,,18.60%,17.40%,17.40%,,,,,,0
94.0,Netherlands,Nationwide,32,Positive only,,18.80%,100%,0%,0%,0%,0%,,,,,,,,,62.50%,,65.60%,18.80%,,65.60%,,,15.60%,3.10%,3.10%,,,,,,0
94.0,Netherlands,Nationwide,54,Positive only,,16.70%,100%,0%,0%,0%,0%,,,,,,,,,48.10%,,81.50%,42.60%,,81.50%,,,20.40%,25.90%,25.90%,,,,,,0
98.0,China,Sichuan,81,Positive only,,63%,0%,0%,100%,0%,0%,3.70%,,,13.60%,0%,,6.20%,,48.20%,,49.40%,30.90%,,,37%,,,,,,,,,,0.12
98.0,China,Sichuan,53,Positive only,,64.10%,0%,0%,100%,0%,0%,1.90%,,,9.40%,0%,,3.80%,,47.20%,,54.70%,32.10%,,,37.70%,,,,,,,,,,0
98.0,China,Sichuan,10,Positive only,,40%,0%,0%,100%,0%,0%,10%,,,30%,0%,,30%,,50%,,30%,30%,,,20%,,,,,,,,,,1
98.0,China,Sichuan,18,Positive only,,72.20%,0%,0%,100%,0%,0%,5.60%,,,16.70%,0%,,0%,,50%,,61.10%,27.80%,,,44.40%,,,,,,,,,,0
99.0,China,Shenzhen,391,Positive only,,47.80%,0%,0%,100%,0%,0%,,,,,,,,,84.40%,,39.10%,3.10%,,19.40%,13.60%,,0.80%,1%,,,5.60%,3.30%,,6.40%,0.01
100.0,China,Wuhan,120,Positive only,,45%,0%,0%,100%,0%,0%,10%,,,1.60%,5.80%,,,,,,,,,,,,,,,,,,,0%,0
100.0,China,Wuhan,78,Positive only,,44.90%,0%,0%,100%,0%,0%,10.30%,,,1.30%,5.10%,,,,,,,,,,,,,,,,,,,0%,0
100.0,China,Wuhan,42,Positive only,,45.20%,0%,0%,100%,0%,0%,9.50%,,,2.40%,7.10%,,,,,,,,,,,,,,,,,,,0%,0
101.0,France,Marseille,80,Positive only,52.5,52.50%,100%,0%,0%,0%,0%,,,,10%,6.30%,,,,15%,,58.80%,,,,,,,,,,,,,5%,0.01
102.0,China,Wuhan,236,Positive only,51.52542373,46.61%,0%,0%,100%,0%,0%,,,,,,,,,52.96%,,56.78%,5.51%,,2.12%,28.39%,,15.68%,,,,,,,0%,0
102.0,China,Wuhan,116,Positive only,50.0,50.86%,0%,0%,100%,0%,0%,,,,,,,,,55.17%,,60.34%,7.76%,,1.72%,34.48%,,18.97%,,,,,,,0%,0
102.0,China,Wuhan,120,Positive only,53.0,42.50%,0%,0%,100%,0%,0%,,,,,,,,,50.83%,,53.33%,3.33%,,2.50%,22.50%,,12.50%,,,,,,,0%,0
104.0,China,Wuhan,52,Positive only,,67%,0%,0%,100%,0%,0%,4%,,,8%,4%,29%,14%,,98%,,77%,63.50%,,11.50%,,,,4%,,,,2%,,,0.62
104.0,China,Wuhan,20,Positive only,,70%,0%,0%,100%,0%,0%,10%,,,10%,5%,30%,0%,,100%,,75%,60%,,10%,,,,5%,,,,5%,,,0
104.0,China,Wuhan,32,Positive only,,66%,0%,0%,100%,0%,0%,0%,,,6%,3%,28.00%,22.00%,,97%,,78%,66%,,12.50%,,,,3%,,,,0%,,,1
106.0,China,Wuhan,155,Positive only,,55.50%,0%,0%,100%,0%,0%,3.90%,,,3.20%,4.50%,4.50%,4.50%,,81.30%,,62.60%,32.30%,,61.00%,73.20%,,4.50%,3.70%,,,,3.70%,,,0.14
107.0,China,Wuhan,83,Positive only,,71%,0%,0%,100%,0%,0%,,,,0%,,,,,40%,,22%,0.084,,0.036,0.072,,4%,4%,,,,10%,,,0.48
108.0,China,Wuhan,2,Positive only,60.0,50%,0%,0%,100%,0%,0%,0%,,,0%,0%,,,,100%,0%,50%,,,,,,0%,0%,,,,0%,,,0
108.0,China,Wuhan,1,Positive only,45.0,100.00%,0%,0%,100%,0%,0%,0,,,0,0,,,,1,0,0,,,,,,0,0,,,,0,,,0
108.0,China,Wuhan,1,Positive only,75.0,0%,0%,0%,100%,0%,0%,0%,,,0%,0%,,,,100%,0%,100%,,,,,,0%,0%,,,,0%,,,0
110.0,China,Wuhan,323,Positive only,,51.40%,0%,0%,100%,0%,0%,11.80%,,,1.90%,1.50%,1.50%,12.70%,,83.90%,,50.80%,4.30%,,,,,,0.30%,,,0.30%,0.90%,,,0.11
112.0,China,Wuhan,416,Positive only,,49.30%,0%,0%,100%,0%,0%,,,,2.90%,2.20%,1.00%,5.30%,,80.30%,,34.60%,28.10%,,4.60%,13.20%,,3.80%,,,,,3.40%,,,0.14
112.0,China,Wuhan,82,Positive only,,53.70%,0%,0%,100%,0%,0%,,,,7.30%,8.50%,2.40%,15.90%,,76.80%,,34.10%,31.70%,,6.10%,18.30%,,1.20%,,,,,13.40%,,,0.51
112.0,China,Wuhan,334,Positive only,,48.20%,0%,0%,100%,0%,0%,,,,1.80%,0.60%,0.60%,2.70%,,81.10%,,34.70%,27.20%,,4.20%,12.00%,,4.50%,,,,,0.90%,,,0.05
114.0,China,Guangzhou,10,Positive only,7.543,60.00%,0%,0%,100%,0%,0%,0%,,,,,,,,70.00%,,50.00%,,,,,,30.00%,,,,,,,,0
114.0,China,Guangzhou,1,Positive only,6.17,100%,0%,0%,100%,0%,0%,0.00%,,,,,,,,100.00%,,100.00%,,,,,,100.00%,,,,,,,,0
114.0,China,Guangzhou,1,Positive only,12.58,0%,0%,0%,100%,0%,0%,0.00%,,,,,,,,100.00%,,0.00%,,,,,,0.00%,,,,,,,,0
114.0,China,Guangzhou,1,Positive only,7.08,0%,0%,0%,100%,0%,0%,0.00%,,,,,,,,100.00%,,100.00%,,,,,,100.00%,,,,,,,,0
114.0,China,Guangzhou,1,Positive only,13.75,100%,0%,0%,100%,0%,0%,0.00%,,,,,,,,0.00%,,0.00%,,,,,,0.00%,,,,,,,,0
114.0,China,Guangzhou,1,Positive only,1.17,100%,0%,0%,100%,0%,0%,0.00%,,,,,,,,100.00%,,0.00%,,,,,,0.00%,,,,,,,,0
114.0,China,Guangzhou,1,Positive only,3.42,100%,0%,0%,100%,0%,0%,0.00%,,,,,,,,0.00%,,0.00%,,,,,,0.00%,,,,,,,,0
114.0,China,Guangzhou,1,Positive only,15.67,0%,0%,0%,100%,0%,0%,0.00%,,,,,,,,100.00%,,0.00%,,,,,,0.00%,,,,,,,,0
114.0,China,Guangzhou,1,Positive only,13.67,100%,0%,0%,100%,0%,0%,0.00%,,,,,,,,100.00%,,100.00%,,,,,,0.00%,,,,,,,,0
114.0,China,Guangzhou,1,Positive only,0.17,0%,0%,0%,100%,0%,0%,0.00%,,,,,,,,0.00%,,100.00%,,,,,,0.00%,,,,,,,,0
114.0,China,Guangzhou,1,Positive only,1.75,100%,0%,0%,100%,0%,0%,0.00%,,,,,,,,100.00%,,100.00%,,,,,,100.00%,,,,,,,,0
115.0,China,Hainan,18,Positive only,,66.67%,0%,0%,100%,0%,0%,44.44%,,,,,5.56%,,,77.78%,,33.33%,11.11%,,,11.11%,,,16.67%,,,,,,,0.06
115.0,China,Hainan,38,Positive only,,50.00%,0%,0%,100%,0%,0%,36.84%,,,,,0%,,,78.95%,,39.47%,5.26%,,,7.89%,,,18.42%,,,,,,,0.05
117.0,China,Yichang,197,Positive only,55.94,50.30%,0%,0%,100%,0%,0%,,,,,1.50%,,4.60%,,77.66%,,45.20%,5.10%,,4.60%,14.70%,,,,,,,,,,0.14
118.0,China,Wuhan,80,Positive only,,42.50%,0%,0%,100%,0%,0%,10%,,,,8.75%,1%,0%,,57.50%,,66.25%,,,15%,45%,,18.75%,8.75%,,,16.25%,,,,0
118.0,China,Wuhan,11,Positive only,,9.09%,0%,0%,100%,0%,0%,0%,,,,27.27%,0%,0%,,18.18%,,81.82%,,,0%,9.09%,,36.36%,18.18%,,,0%,,,,0
118.0,China,Wuhan,69,Positive only,,47.83%,0%,0%,100%,0%,0%,11.59%,,,,5.80%,1%,0%,,63.77%,,63.77%,,,17.39%,50.72%,,15.94%,7.25%,,,18.84%,,,,0
119.0,China,Northeast Region,55,Positive only,46.8,54.50%,0%,0%,100%,0%,0%,,,,,,,,,46.18%,,49.09%,14.55%,,12.73%,14.55%,,10.91%,7.27%,,,,,,,0
119.0,China,Northeast Region,47,Positive only,46.4,51.10%,0%,0%,100%,0%,0%,,,,,,,,,51.06%,,51.06%,10.64%,,10.64%,17.02%,,8.51%,4.26%,,,,,,,0
119.0,China,Northeast Region,8,Positive only,46.12,75%,0%,0%,100%,0%,0%,,,,,,,,,100%,,37.50%,37.50%,,25%,0%,,25%,25%,,,,,,,0
120.0,USA,Washington,24,Positive only,64.0,63%,,,,,,22%,,,4%,0%,,,,50%,83%,88%,88%,,,,,,,,,,,,,0.5
121.0,China,Wuhan,206,Positive only,,44.17%,0%,0%,100%,0%,0%,,,,3.90%,,,8.30%,,67%,,27.50%,14.60%,,21.40%,45.10%,,32.50%,11.70%,15.50%,,,,,,0
121.0,China,Wuhan,48,Positive only,,27.08%,0%,0%,100%,0%,0%,,,,4.20%,,,12.50%,,39.60%,,0%,0%,,12.50%,52.10%,,47.90%,14.60%,31.30%,,,,,,0
121.0,China,Wuhan,89,Positive only,,53.93%,0%,0%,100%,0%,0%,,,,3.40%,,,7.90%,,73%,,29.60%,10.10%,,13.50%,31.50%,,0%,0%,0%,,,,,,0
121.0,China,Wuhan,69,Positive only,,43.48%,0%,0%,100%,0%,0%,,,,4.30%,,,5.80%,,78.30%,,39.10%,30.40%,,37.70%,60%,,63.80%,24.60%,24.60%,,,,,,0
123.0,China,Wuhan,67,Positive only,,61.10%,0%,0%,100%,0%,0%,13.40%,,,4.50%,100%,6%,7.50%,,79.10%,,74.60%,65.70%,,9%,44.80%,,16.40%,14.90%,,,,,,,0.27
123.0,China,Wuhan,35,Positive only,,51.40%,0%,0%,100%,0%,0%,11.40%,,,0%,100%,8.60%,5.70%,,84.40%,,77.10%,57.10%,,14.30%,42.90%,,11.40%,11.40%,,,,,,,0
123.0,China,Wuhan,32,Positive only,,71.90%,0%,0%,100%,0%,0%,15.60%,,,9.40%,100%,3.10%,9.40%,,86.70%,,71.90%,75%,,3.10%,46.90%,,21.90%,18.80%,,,,,,,0.56
123.0,China,Wuhan,49,Positive only,,55.10%,0%,0%,100%,0%,0%,12.20%,,,0%,100%,6.10%,4.10%,,77.60%,,75.50%,61.20%,,10.20%,38.80%,,18.40%,10.20%,,,,,,,0
123.0,China,Wuhan,18,Positive only,,77.80%,0%,0%,100%,0%,0%,16.70%,,,16.70%,100%,5.60%,16.70%,,83.30%,,72.20%,77.80%,,5.60%,55.60%,,11.10%,27.80%,,,,,,,1
124.0,China,Wuhan,12,Positive only,,83.30%,0%,0%,100%,0%,0%,,,,,100%,,,,100%,,25%,25%,,,,,,,,,,,,,0.25
125.0,China,Zhejiang,36,Positive only,8.3,64%,0%,0%,100%,0%,0%,,,,,,,,,36%,,19%,3%,,,,,6%,6%,,,,,,,0
125.0,China,Zhejiang,17,Positive only,7.5,59%,0%,0%,100%,0%,0%,,,,,,,,,24%,,18%,0%,,,,,,,,,,,,,0
125.0,China,Zhejiang,19,Positive only,9.0,69%,0%,0%,100%,0%,0%,,,,,,,,,47%,,21%,5%,,,,,10%,10%,,,,,,,0
125.0,China,Zhejiang,10,Positive only,,60%,0%,0%,100%,0%,0%,,,,,,,,,30%,,10%,,,,,,,,,,,,,,0
125.0,China,Zhejiang,26,Positive only,,65%,0%,0%,100%,0%,0%,,,,,,,,,38%,,23%,,,,,,,,,,,,,,0
126.0,China,Wuhan,62,Positive only,44.7,46.80%,0%,0%,100%,0%,0%,,,,,,,,,62.90%,,59.68%,,,,,,,,,,,,,,0.18
126.0,China,Wuhan,31,Positive only,45.2,48.30%,0%,0%,100%,0%,0%,,,,,,,,,54.84%,,48.39%,,,,,,,,,,,,,,0.29
126.0,China,Wuhan,31,Positive only,44.1,45.20%,0%,0%,100%,0%,0%,,,,,,,,,70.97%,,70.97%,,,,,,,,,,,,,,0.07
131.0,China,Wuhan,339,Positive only,,49%,0%,0%,100%,0%,0%,,,,6.20%,4.40%,0.60%,6.20%,,92%,,53%,40.80%,,4.70%,39.90%,,12.70%,3.80%,27.80%,,,26%,,0%,0.19
131.0,China,Wuhan,274,Positive only,,46.40%,0%,0%,100%,0%,0%,,,,3.70%,4.40%,0.40%,4.00%,,93.40%,,54.60%,36.60%,,5.50%,39.90%,,12.80%,4.40%,28.90%,,,26.70%,,0.00%,0
131.0,China,Wuhan,65,Positive only,,60%,0%,0%,100%,0%,0%,,,,17.20%,4.70%,1.60%,15.60%,,87.50%,,46.90%,59.40%,,1.60%,40.60%,,12.50%,1.60%,23.40%,,,23.40%,,0.00%,1
132.0,China,Wuhan,75,Positive only,,49.30%,0%,0%,100%,0%,0%,,,,0%,,10.90%,,,73.50%,,64.70%,7.40%,,2.90%,42.60%,,7.40%,8.80%,,,,0%,,0%,0.01
136.0,Korea,,1,Positive only,54.0,100%,0%,0%,100%,0%,0%,0%,,,,,,,,0%,0%,100%,0%,,100%,0%,0%,100%,0%,0%,,100%,0%,0%,0%,0
137.0,China,Jiaxing,7,Positive only,39.05,57%,0%,0%,100%,0%,0%,,,,,,,,,,,,,,,,,,,,,,,,0%,0
137.0,China,Jiaxing,1,Positive only,29.0,100%,0%,0%,100%,0%,0%,,,,,,,,,100%,,100%,,,,0%,,0%,,,,0%,,,0%,0
137.0,China,Jiaxing,1,Positive only,51.0,0%,0%,0%,100%,0%,0%,,,,,,,,,0%,,0%,,,,0%,,0%,,,,0%,,,0%,0
137.0,China,Jiaxing,1,Positive only,54.0,100%,0%,0%,100%,0%,0%,,,,,,,,,100%,,100%,,,,0%,,0%,,,,0%,,,0%,0
137.0,China,Jiaxing,1,Positive only,41.0,100%,0%,0%,100%,0%,0%,,,,,,,,,100%,,100%,,,,100%,,0%,,,,100%,,,0%,0
137.0,China,Jiaxing,1,Positive only,0.333333333,0%,0%,0%,100%,0%,0%,,,,,,,,,100%,,0%,,,,0%,,100%,,,,0%,,,0%,0
137.0,China,Jiaxing,1,Positive only,57.0,100%,0%,0%,100%,0%,0%,,,,,,,,,100%,,100%,,,,0%,,0%,,,,0%,,,0%,0
137.0,China,Jiaxing,1,Positive only,41.0,0%,0%,0%,100%,0%,0%,,,,,,,,,,,,,,,,,,,,,,,,0%,0
138.0,Italy,Loumbardy,1591,Positive only,,82%,100%,0%,0%,0%,0%,,,,4%,8%,3%,,,,,,,,,,,,,,,,,,0%,0.26
138.0,Italy,Loumbardy,4,Positive only,,75%,100%,0%,0%,0%,0%,,,,0%,0%,0%,,,,,,,,,,,,,,,,,,0%,0
138.0,Italy,Loumbardy,56,Positive only,,79%,100%,0%,0%,0%,0%,,,,3%,0%,0%,,,,,,,,,,,,,,,,,,0%,0.07
138.0,Italy,Loumbardy,143,Positive only,,83%,100%,0%,0%,0%,0%,,,,0%,2%,2%,,,,,,,,,,,,,,,,,,0%,0.11
138.0,Italy,Loumbardy,427,Positive only,,83%,100%,0%,0%,0%,0%,,,,3%,4%,3%,,,,,,,,,,,,,,,,,,0%,0.15
138.0,Italy,Loumbardy,598,Positive only,,81%,100%,0%,0%,0%,0%,,,,3%,9%,3%,,,,,,,,,,,,,,,,,,0%,0.29
138.0,Italy,Loumbardy,341,Positive only,,82%,100%,0%,0%,0%,0%,,,,8%,13%,2%,,,,,,,,,,,,,,,,,,0%,0.4
138.0,Italy,Loumbardy,21,Positive only,,90%,100%,0%,0%,0%,0%,,,,6%,19%,0%,,,,,,,,,,,,,,,,,,0%,0.52
138.0,Italy,Loumbardy,1,Positive only,,100%,100%,0%,0%,0%,0%,,,,0%,0%,0%,,,,,,,,,,,,,,,,,,0%,1
139.0,France,Paris,11,Positive only,58.7,63.63%,,,,,,,,,0%,45.45%,0%,0%,,90.09%,,,,,,,,,,,,,,,,0.09
140.0,Germany,Nationwide,73522,Positive only,,52%,,,,,,,,,,,,,,42%,,53%,,,,,,,,,,,,,,0.01
142.0,China,Changsha,161,Positive only,45.0,49.70%,0%,0%,100%,0%,0%,,,,3.70%,,2.50%,2.50%,,75.80%,,62.70%,14.30%,,,39.80%,,10.60%,3.70%,,,,,,0%,0
142.0,China,Changsha,131,Positive only,40.0,50.40%,0%,0%,100%,0%,0%,,,,3.10%,,3.10%,2.30%,,71%,,61.10%,10.70%,,,37.40%,,12.20%,4.60%,,,,,,0%,0
142.0,China,Changsha,30,Positive only,57.0,46.70%,0%,0%,100%,0%,0%,,,,6.70%,,0%,3.30%,,96.70%,,70%,30%,,,30%,,3.30%,0%,,,,,,0%,0
143.0,China,,79,Positive only,60.0,55.70%,,,100%,,,,,,,,,,,70.90%,,70.90%,50.60%,,,,,8.90%,,,,,,,,0
143.0,China,,51,Positive only,59.0,51%,,,100%,,,,,,,,,,,62.70%,,70.60%,47.10%,,,,,5.80%,,,,,,,,0
143.0,China,,28,Positive only,62.5,64.30%,,,100%,,,,,,,,,,,85.50%,,71.40%,57.10%,,,,,14.30%,,,,,,,,0
143.0,China,,50,Positive only,56.0,44.70%,,,100%,,,,,,,,,,,62%,,66%,51.10%,,,,,8.50%,,,,,,,,0
143.0,China,,29,Positive only,62.0,72.40%,,,100%,,,,,,,,,,,86.20%,,75.90%,44.80%,,,,,6.90%,,,,,,,,0
144.0,China,,17,Positive only,41.71,64.70%,,,100%,,,,,,,,,,,64.70%,,47.10%,11.80%,,,17.60%,,,,,,,,,,0
144.0,China,,12,Positive only,41.5,50%,,,100%,,,,,,,,,,,66.70%,,33.30%,16.70%,,,8.30%,,,,,,,,,,0
144.0,China,,5,Positive only,42.2,0%,,,100%,,,,,,,,,,,60%,,80%,0%,,,40%,,,,,,,,,,0
145.0,China,Wuhan,10,Positive,53.4,60%,,,,,,,,,0%,0%,0%,10%,,70%,,70%,80%,,10%,,,20%,20%,,,,20%,,0%,0
145.0,China,Wuhan,1,Positive,46.0,100%,,,,,,,,,0%,0%,0%,0%,,100%,,100%,100%,,0%,,,0%,0%,,,,100%,,0%,0
145.0,China,Wuhan,1,Positive,34.0,0%,,,,,,,,,0%,0%,0%,0%,,0%,,0%,100%,,0%,,,0%,100%,,,,100%,,0%,0
145.0,China,Wuhan,1,Positive,42.0,100%,,,,,,,,,0%,0%,0%,0%,,100%,,100%,100%,,0%,,,100%,0%,,,,0%,,0%,0
145.0,China,Wuhan,1,Positive,55.0,0%,,,,,,,,,0%,0%,0%,0%,,100%,,100%,100%,,0%,,,0%,0%,,,,0%,,0%,0
145.0,China,Wuhan,1,Positive,57.0,100%,,,,,,,,,0%,0%,0%,0%,,100%,,0%,100%,,0%,,,0%,0%,,,,0%,,0%,0
145.0,China,Wuhan,1,Positive,78.0,0%,,,,,,,,,0%,0%,0%,0%,,100%,,100%,100%,,100%,,,0%,0%,,,,0%,,0%,0
145.0,China,Wuhan,1,Positive,56.0,100%,,,,,,,,,0%,0%,0%,0%,,100%,,100%,0%,,0%,,,0%,0%,,,,0%,,0%,0
145.0,China,Wuhan,1,Positive,67.0,100%,,,,,,,,,0%,0%,0%,100%,,100%,,100%,0%,,0%,,,100%,100%,,,,0%,,0%,0
145.0,China,Wuhan,1,Positive,49.0,0%,,,,,,,,,0%,0%,0%,0%,,0%,,100%,100%,,0%,,,0%,0%,,,,0%,,0%,0
145.0,China,Wuhan,1,Positive,50.0,100%,,,,,,,,,0%,0%,0%,0%,,0%,,0%,100%,,0%,,,0%,0%,,,,0%,,0%,0
146.0,China,Shanghai,4,Positive Only,44.0,75%,,,,,,,,,0%,0%,25%,0%,,100%,25%,75%,,,,50%,25%,50%,,,,,,,0%,0
146.0,China,Shanghai,1,Positive Only,32.0,100%,,,,,,,,,0%,0%,100%,0%,,100%,0%,0%,,,,100%,0%,0%,,,,,,,0%,0
146.0,China,Shanghai,1,Positive Only,19.0,100%,,,,,,,,,0%,0%,0%,0%,,100%,0%,100%,,,,100%,100%,100%,,,,,,,0%,0
146.0,China,Shanghai,1,Positive Only,63.0,100%,,,,,,,,,0%,0%,0%,0%,,100%,100%,100%,,,,0%,0%,100%,,,,,,,0%,0
146.0,China,Shanghai,1,Positive Only,63.0,0%,,,,,,,,,0%,0%,0%,0%,,100%,0%,100%,,,,0%,0%,0%,,,,,,,0%,0%%
147.0,South Korea,Incheon,1,Positive only,35.0,100%,0%,0%,100%,0%,0%,,,,0%,0%,0%,0%,,100%,0%,100%,100%,,100%,,,100%,,,,100%,,,0%,0
148.0,South Korea,Goyang,1,Positive only,54.0,100%,0%,0%,100%,0%,0%,0%,,,0%,0%,0%,0%,,100%,0%,100%,0%,,100%,100%,100%,100%,0%,0%,,100%,0%,0%,0%,0
150.0,USA,Washington,1,Positive only,35.0,100%,,,,,,0%,,,0%,0%,0%,0%,,100%,,100%,100%,,,100%,100%,100%,100%,100%,,,,,0%,0
151.0,China,Wuhan,287,Positive only,,56%,0%,0%,100%,0%,0%,,,,6%,3%,4%,8%,,78%,7%,73%,48%,,48%,48%,,,,,,,48%,,0%,0.07
151.0,China,Wuhan,55,Positive only,,69%,0%,0%,100%,0%,0%,,,,11%,5%,2%,16%,,73%,18%,75%,53%,,45%,45%,,,,,,,44%,,0%,0.03
151.0,China,Wuhan,232,Positive only,,53%,0%,0%,100%,0%,0%,,,,4%,2%,4%,8%,,79%,5%,72%,47%,,48%,48%,,,,,,,49%,,0%,0.22
152.0,USA,New York City,1999,Positive only,,62%,46.30%,14.50%,5.90%,,33.30%,26.00%,,,10.30%,7.20%,,,,,,,,,,,,,,,,,,,0%,0.15
152.0,USA,New York City,1999,Positive only,,60.10%,44.10%,17.20%,4.60%,,34.10%,25.50%,,,9.80%,5.80%,,,,,,,,,,,,,,,,,,,0%,0
152.0,USA,New York City,650,Positive only,,68%,48.30%,11.40%,8%,,32.30%,26.60%,,,10.90%,8.60%,,,,,,,,,,,,,,,,,,,0%,0.45
154.0,China,Wuhan,274,Positive only,60.0,55.00%,0%,0%,100%,0%,0%,,,,6.00%,3.00%,4.00%,8.00%,,78%,,73%,47%,,50%,,,,,,,,,,0%,0.08
154.0,China,Wuhan,75,Positive only,67.0,55.00%,0%,0%,100%,0%,0%,,,,9.00%,3.00%,4.00%,15.00%,,76%,,71%,47%,,52%,,,,,,,,,,0%,0.09
154.0,China,Wuhan,199,Positive only,58.0,55.00%,0%,0%,100%,0%,0%,,,,4.00%,3.00%,4.00%,6.00%,,78%,,73%,47%,,48%,,,,,,,,,,0%,0.07
156.0,Europe/North America,Various,53,Positive only,,75%,,,,,,,,,11%,,,,,,,,,,,,,9%,,,,,,,,0.13
156.0,Europe/North America,Various,34,Positive only,,79%,,,,,,,,,15%,,,,,,,,,,,,,3%,,,,,,,,0.18
156.0,Europe/North America,Various,19,Positive only,,68%,,,,,,,,,5%,,,,,,,,,,,,,21%,,,,,,,,0.05
157.0,China,Wuhan ,245,Positive only,52.94333333,46.54%,0%,0%,100%,0%,0%,4.09%,,,3.27%,3.66%,3%,,,80.80%,,57.15%,18.35%,,30.62%,47.73%,,7.36%,4.08%,22.84%,,,,,,0.13
157.0,China,Wuhan ,82,Positive only,44.74,29.27%,0%,0%,100%,0%,0%,1.22%,,,2.44%,2.44%,0%,,,74.39%,,47.56%,9.76%,,29.27%,43.90%,,7.32%,3.66%,17.07%,,,,,,0.02
157.0,China,Wuhan ,81,Positive only,52.68,49.38%,0%,0%,100%,0%,0%,4.94%,,,4.94%,1.23%,3.70%,,,76.54%,,60.49%,12.35%,,33.33%,44.40%,,9.88%,2.47%,18.52%,,,,,,0.06
157.0,China,Wuhan ,82,Positive only,61.41,60.98%,0%,0%,100%,0%,0%,6.10%,,,2.44%,7.32%,4.88%,,,91.46%,,63.41%,32.93%,,29.27%,54.88%,,4.88%,6.10%,32.93%,,,,,,0.32
158.0,China,Jiangsu,50,Positive only,36.02,51.98%,0%,0%,100%,0%,0%,,,,,,,,,100%,,,,,,,,,,,,,,,0%,0
158.0,China,Jiangsu,34,Positive only,40.5,58.80%,0%,0%,100%,0%,0%,,,,,,,,,100%,,,,,,,,,,,,,,,0%,0
158.0,China,Jiangsu,16,Positive only,26.5,37.50%,0%,0%,100%,0%,0%,,,,,,,,,100%,,,,,,,,,,,,,,,0%,0
159.0,China,Xiangyang,119,Positive only,49.0,47%,0%,0%,100%,0%,0%,,,,,,2%,,,86%,,63%,,,,75%,,12%,3%,,,,,,0%,0.03
159.0,China,Xiangyang,99,Positive only,45.0,44%,0%,0%,100%,0%,0%,,,,,,2%,,,86%,,53%,,,,75%,,11%,3%,,,,,,0%,0
159.0,China,Xiangyang,20,Positive only,67.5,60%,0%,0%,100%,0%,0%,,,,,,0%,,,80%,,65%,,,,70%,,15%,5%,,,,,,0%,0.03
160.0,China,Anhui,125,Positive only,38.76,56.80%,0%,0%,100%,0%,0%,12.80%,,,1.60%,0.80%,6.40%,,,92.80%,,81.60%,45.60%,,3.20%,34.40%,,40.00%,19.20%,,,,1.60%,,0%,0
160.0,China,Anhui,25,Positive only,49.4,64%,0%,0%,100%,0%,0%,28%,,,,,,,,,,,,,,,,,,,,,,,0%,0
160.0,China,Anhui,100,Positive only,39.47,55%,0%,0%,100%,0%,0%,9%,,,,,,,,,,,,,,,,,,,,,,,0%,0
160.0,China,Anhui,1,Positive only,69.0,100%,0%,0%,100%,0%,0%,,,,,,,,,100%,100%,,,,,,,,,,,,,,,0
160.0,China,Anhui,1,Positive only,40.0,100%,0%,0%,100%,0%,0%,,,,,,,,,100%,0%,,,,,,,,,,,,,,,0
160.0,China,Anhui,1,Positive only,21.0,0%,0%,0%,100%,0%,0%,,,,0%,0%,0%,0%,,0%,100%,,,,,,,,,,,,,,,0
160.0,China,Anhui,1,Positive only,67.0,100%,0%,0%,100%,0%,0%,,,,,,,,,100%,0%,,,,,,,,,,,,,,,0
161.0,China,Shanghai,274,Positive only,44.0,62%,0%,0%,100%,0%,0%,7%,,,7%,3%,4%,,,91%,32%,68%,44%,,22%,50%,,28%,9%,24%,,,38%,,,0.41
161.0,China,Shanghai,113,Positive only,62.0,73%,0%,0%,100%,0%,0%,8%,,,10%,4%,4%,,,92%,59%,70%,62%,,19%,57%,,24%,7%,27%,,,49%,,,1
161.0,China,Shanghai,161,Positive only,37.0,55%,0%,0%,100%,0%,0%,6%,,,4%,1%,4%,,,90%,14%,66%,31%,,24%,45%,,31%,10%,22%,,,30%,,,0
162.0,China,Zhuhai,95,Positive only,45.3,47.40%,0%,0%,100%,0%,0%,6.30%,,,5.30%,5.30%,,4.20%,,,,,,,,,,20%,15.20%,13.30%,,,,,0%,0
162.0,China,Zhuhai,58,Positive only,48.0,46.60%,0%,0%,100%,0%,0%,8.60%,,,1.70%,6.90%,,5.20%,,,,,,,,,,24.20%,17.90%,17.90%,,,,,0%,0
162.0,China,Zhuhai,37,Positive only,41.1,48.60%,0%,0%,100%,0%,0%,2.70%,,,10.80%,2.70%,,2.70%,,,,,,,,,,,,,,,,,0%,0
169.0,China,Jiangsu,55,Positive only,45.0,49%,0%,0%,100%,0%,0%,,,,,3.60%,,1.80%,,85.50%,,61.80%,20%,,,40%,,32.70%,7.30%,5.50%,,,,,,0
169.0,China,Jiangsu,47,Positive only,40.0,46.80%,0%,0%,100%,0%,0%,,,,,4.30%,,0%,,83%,,55.30%,6.40%,,,36.20%,,29.80%,8.50%,4.30%,,,,,,0
169.0,China,Jiangsu,8,Positive only,59.0,62.50%,0%,0%,100%,0%,0%,,,,,0%,,12.50%,,100.00%,,100.00%,100%,,,62.50%,,50%,0%,12.50%,,,,,,0
170.0,Iceland,Nationwide,1321,Positive only,41.77,50.17%,100%,0%,0%,0%,0%,,,,,,,,,45.49%,,30.65%,,,29.71%,,,,,,,,,,9.58%,0.01
170.0,Iceland,Nationwide,177,Positive only,44.4,52%,100%,0%,0%,0%,0%,,,,,,,,,42.10%,,25.50%,,,28.80%,13.30%,,,,,,,,2.20%,13.60%,0.01
170.0,Iceland,Nationwide,87,Positive only,40.8,52.90%,100%,0%,0%,0%,0%,,,,,,,,,19.50%,,36.80%,,,21.80%,,,,,,,,,,41.40%,0
170.0,Iceland,Nationwide,1044,Positive only,41.3,49.40%,100%,0%,0%,0%,0%,,,,,,,,,48.80%,,31.10%,,,30.80%,20.60%,,,,,,,,11.50%,5.70%,0.01
170.0,Iceland,Nationwide,13,Positive only,50.5,69.20%,100%,0%,0%,0%,0%,,,,,,,,,0%,,23.10%,,,7.70%,,,,,,,,,7.70%,53.80%,0
172.0,China,Changsha,159,Positive only,,62.26%,0%,0%,0%,0%,0%,,,,,5.17%,8.62%,14.66%,,71.19%,,55.08%,7.63%,,3.39%,14.41%,,5.93%,1.69%,,,2.54%,10.17%,,,1
176.0,USA,New York City,393,Positive only,,60.60%,37.40%,12.50%,17%,,45.80%,5.10%,,,5.10%,5.90%,,,,25.50%,9.90%,79.40%,56.50%,,27.20%,,,23.70%,,,,,,,0%,0.1
176.0,USA,New York City,130,Positive only,,70.80%,35.40%,11.50%,19.20%,,33.90%,4.60%,,,5.40%,7.70%,,,,34.60%,21.50%,83.10%,66.20%,,23.80%,,,20.80%,,,,,,,0%,0.15
176.0,USA,New York City,263,Positive only,,55.50%,38.40%,12.90%,16%,,33%,5.30%,,,4.90%,4.90%,,,,21%,4.20%,77.60%,51.70%,,28.90%,,,25.10%,,,,,,,0%,0.08
177.0,China,Nationwide,731,Positive only,,56.60%,0%,0%,100%,0%,0%,,,,,,,,,,,,,,,,,,,,,,,,12.90%,0
183.0,UK,Nationwide,202,Positive only,,48%,,,,,,31.20%,,,,,,,,55.90%,,60.40%,41.10%,,44.60%,68.30%,,43.60%,26.10%,54.50%,,,,64.40%,0%,0
184.0,USA,Washington,48,Positive only,,77.10%,,,,,,,,,,,,,,41.70%,,50%,10.40%,,35.40%,,,6.30%,2.10%,2.10%,,14.60%,,,0%,0
185.0,China,Wuhan,171,Positive only,,60.80%,0%,0%,100%,0%,0%,,,,,,,,,41.50%,,48.50%,,,,8.80%,,8.80%,6.40%,,,,,,15.79%,0.01
186.0,China,Guangzhou,86,Positive only,49.4,46.50%,,,100%,,,,,,,,,,,67.40%,,64.00%,0%,,,,,14%,2.30%,5.80%,,,,,,0
186.0,China,Guangzhou,34,Positive only,50.7,50.00%,,,100%,,,,,,,,,,,79.40%,,61.80%,0%,,,,,27%,0%,14.70%,,,,,,0
186.0,China,Guangzhou,35,Positive only,50.5,45.70%,,,100%,,,,,,,,,,,62.90%,,71.40%,0%,,,,,8.60%,5.90%,0%,,,,,,0
186.0,China,Guangzhou,17,Positive only,44.3,41.20%,,,100%,,,,,,,,,,,52.90%,,52.90%,0%,,,,,0%,0%,0%,,,,,,0
186.0,China,Guangzhou,13,Positive only,60.1,61.50%,,,100%,,,,,,,,7.70%,,,100%,,69.20%,0%,,,,,,,,,,,,,0
191.0,China,Nationwide,21,Positive only,68.0,52%,0%,0%,100%,0%,0%,,,,,14.30%,0.095,,,76.20%,,71.40%,57.10%,,,,,9.50%,,,,,,,0.00%,0.24
191.0,China,Nationwide,5,Positive only,68.0,80%,0%,0%,100%,0%,0%,,,,,20.00%,0.2,,,100.00%,,80.00%,60.00%,,,,,20.00%,,,,,,,0.00%,1
191.0,China,Nationwide,16,Positive only,69.0,44%,0%,0%,100%,0%,0%,,,,,12.50%,0.062,,,68.80%,,68.80%,56.30%,,,,,6.30%,,,,,,,0.00%,0
193.0,China,Shenzhen,420,Positive only,45.9,47.60%,0.00%,0.00%,100.00%,0.00%,0.00%,,,,3.10%,,3.10%,0.50%,,74.80%,,73.10%,15.70%,,13.10%,28.60%,,17.60%,11.00%,,,3.30%,16.00%,,0.00%,0.01
193.0,China,Shenzhen,23,Positive only,25.3,30.40%,0.00%,0.00%,100.00%,0.00%,0.00%,,,,0.00%,,0.00%,0.00%,,47.80%,,56.50%,0.00%,,8.70%,8.70%,,8.70%,4.30%,,,0.00%,4.30%,,0.00%,0
193.0,China,Shenzhen,304,Positive only,43.4,44.10%,0.00%,0.00%,100.00%,0.00%,0.00%,,,,2.60%,,3.30%,0.00%,,71.10%,,70.40%,6.20%,,8.90%,23.40%,,17.40%,10.90%,,,3.00%,11.50%,,0.00%,0
193.0,China,Shenzhen,74,Positive only,58.3,60.80%,0.00%,0.00%,100.00%,0.00%,0.00%,,,,2.70%,,4.10%,1.40%,,94.60%,,87.80%,40.50%,,28.40%,48.60%,,23.00%,13.50%,,,5.40%,35.10%,,0.00%,0
193.0,China,Shenzhen,19,Positive only,62.4,73.70%,0.00%,0.00%,100.00%,0.00%,0.00%,,,,15.80%,,0.00%,5.30%,,89.50%,,78.90%,89.50%,,26.30%,57.90%,,10.50%,10.50%,,,5.30%,26.30%,,0.00%,0.21
197.0,China,Wuhan,223,Positive only,,56.50%,0%,0%,100%,0%,0%,,,,,2.20%,,,,78.90%,,69.10%,,,,56.50%,,6.70%,,,,,,,,0.3
197.0,China,Wuhan,125,Positive only,,48.80%,0%,0%,100%,0%,0%,,,,,0.80%,,,,73.60%,,68.00%,,,,58.40%,,8.00%,,,,,,,,0
197.0,China,Wuhan,98,Positive only,,66.30%,0%,0%,100%,0%,0%,,,,,4.10%,,,,85.70%,,70.40%,,,,54.10%,,5.10%,,,,,,,,0.68
198.0,USA,New York,257,Positive,,66%,12%,19%,4%,62%,3%,13%,,,9%,7%,2%,9%,,71%,,66%,74%,,26%,,7%,12%,,,,,,,0%,0.33
199.0,China,Hubei,237,Positive only,65.0,59%,,,,,,,,,,,,,,36.65%,20.00%,,,,,,,3.00%,4.30%,0.70%,,,,,0%,0.14
199.0,China,Hubei,158,Positive only,66.0,56%,,,,,,,,,,,,,,35.00%,23.00%,,,,,,,3.00%,5.00%,1.00%,,,,,0%,0.15
199.0,China,Hubei,78,Positive only,64.0,65%,,,,,,,,,,,,,,40.00%,14.00%,,,,,,,3.00%,3.00%,0.00%,,,,,0%,0.13
200.0,USA,New York,151,Positive only,55.6,57%,,,,,,21.20%,,,6.60%,2.60%,1.30%,,,73.50%,,76.80%,54.30%,,,,,19.90%,9.30%,,,15.20%,,,,0.15
200.0,USA,New York,618,Positive only,63.0,57.30%,,,,,,22.60%,,,6.80%,7.80%,1.90%,,,72.50%,,72.80%,60.80%,,,,,25.20%,22.30%,,,19.40%,,,,0.13
200.0,USA,New York,231,Positive only,62.2,67.50%,,,,,,24.20%,,,6.10%,6.10%,1.70%,,,73.20%,,71.90%,74%,,,,,20.80%,10%,,,16.50%,,,,0.31
200.0,USA,New York,1000,Positive only,61.7,59.60%,,,,,,22.80%,,,6.60%,6.60%,1.80%,,,72.80%,,73.20%,62.90%,,,,,23.40%,17.50%,,,18.10%,,,,0.17
